cookie_id,score
ck_315fb710a0e371e7,7.135543944790119e-05
ck_a76ee3b3e3e522fd,0.0040264393396251315
ck_94c9a4d382689e82,0.0008488826485543487
ck_8eaf9509ad9462a0,0.00015819077858544923
ck_9a88a5a989cb5bc6,0.006241513727717624
ck_15239ef0689c1a35,0.00015427885511341073
ck_8de69cd219d3b87f,0.9805262513752837
ck_f92cd37022b0ce21,0.0005091425660086596
ck_1a3ff7620580a514,0.00013639482996752095
ck_397c03aa33a57310,0.014230024190533114
ck_a7cf6c3b322f6b7a,0.003036584190433338
ck_c39a9e75760e3201,0.001214817069856715
ck_88ab6d245228c38e,5.2723936683957106e-05
ck_17733f75ebdea93e,0.0007947657065304292
ck_58eb871e8d7bed52,0.002713094902971844
ck_e55b7fa67db1ec27,0.00013053956109412406
ck_62f5cfe22c952694,0.0019076520425116254
ck_7fbb709a0fe95759,9.157182008287499e-05
ck_87abe9cd066a20fb,0.0025752913317701924
ck_d58e058b5c553dd5,0.00012499621264701672
ck_d27b872648b71202,0.00010550428589503068
ck_4b4a3c5b95c55b43,0.0002039849438364338
ck_66dd4f4b4127256d,0.00018380001327873886
ck_93cc12703b500613,0.0006992237037141543
ck_d28806a2179092eb,0.9996247572625461
ck_0595c2a0c7881e05,0.001342748602090184
ck_50087d8666191144,0.035328229247016604
ck_b08b3f089138c901,0.0009196838818709781
ck_fe3b67041dad2dd1,0.00022081928558365373
ck_8449a28f7d475d93,0.00027899718474493735
ck_8642e3b6d84f49d3,0.0016669085628111275
ck_e49b5e4f2f2e79db,0.30436084573152905
ck_437afe412ea4259c,0.002063906880946415
ck_569b83668d74042d,0.8395346302939917
ck_233a487d31c3e631,0.9997355048114107
ck_1fca72e03143a645,0.9646012128326891
ck_79205e31223df2ad,0.0015639216819251824
ck_9625a64406ea16e3,0.0006483545204892227
ck_079bd18dacb704a8,0.0023030115667676113
ck_4db6d4fd2b49aa81,0.003952582397177821
ck_0dbefdac0a1868fb,0.00015240865523374813
ck_24ff97ad90bdd69a,0.005804279678382625
ck_77f8c5042065d506,6.163517931057579e-05
ck_f11be8ce05382cec,0.00305903468380773
ck_c9d72140b0389216,0.001340381864976792
ck_69eda24e931fb36a,8.988106266416147e-05
ck_ed471e496916ee15,0.0004976257126154132
ck_ff090498c4b17ac3,0.0002228958249165876
ck_c3c19d6a0720915c,0.00039940939403798885
ck_af02e1817cfa40b5,0.2086112890988728
ck_2df5a9fc87553eb1,0.00029303888590928703
ck_4ac918e884cff336,0.0005120240494693986
ck_ca149244b54ef3ad,1.2769328398963978e-05
ck_6babe5b8674ff51f,0.00014040172757647
ck_1573878386886290,0.00010058921967885504
ck_3925f8565abb7fe4,0.000645557068663318
ck_c4de808ae69c771f,0.0018182195163495818
ck_a777c813551281fe,0.0020559164372870114
ck_df4424f6dd85080d,0.002628936790349816
ck_85e5494ec20383ae,0.0010731594611989993
ck_f71a4094e889c3af,0.0012148618255147555
ck_f2f3cf9cd23b2809,0.0005973529395305264
ck_18e2076397bcc211,0.0010885015172034443
ck_c9f9fddef39bc664,0.0018376477787123116
ck_7e826e233d6ea028,0.0006337591047102151
ck_62fd7eb46bee9210,0.0007954616199310867
ck_206f8e3cd72768f3,0.008010331524196643
ck_aa295a11b0a6ab36,0.00039400435068704753
ck_9a56739d81f84a53,0.0004414969696830825
ck_aa075c418ed9fe5a,0.005361177070540788
ck_62b9fb3db284941b,0.0004285734745766311
ck_f4f83b1403ebea46,0.00037832461982304806
ck_16b66bd803288bc3,0.7320513569453074
ck_c4ca1434f3778f1d,0.9983422571956669
ck_1b823610371a29c0,0.00022039494825532333
ck_c2bd5a722aa637d9,0.001332634505083764
ck_7890208951df34f0,0.00019770968563600672
ck_020eb0e454524ecd,3.145362582943806e-05
ck_3b66196ccf436c35,7.986473032117382e-05
ck_109fc467ec0a4af5,0.004845049711222112
ck_f3dcd818db92de7b,0.001768271343881132
ck_31e7742f160980ef,0.0009245391676032625
ck_77fce5f86f00b8f4,0.007064511805850218
ck_46bc797b4d07d607,0.00018419247819078467
ck_37899b1b571b1c6b,0.002402083648893354
ck_ef8a6af43fedd464,0.0005516245268455341
ck_bcc8519fe8521038,0.00102877130330366
ck_90696b7182dd9129,0.0007255262109443635
ck_4a24ad61d017e1ba,0.0009965844589032641
ck_0acc3d8c67218b9d,0.003864325201622184
ck_05c97fc9de11aba6,0.1358188627619395
ck_f8ac3a0500c0ec62,0.0003980712106954285
ck_617b65141f546a1c,0.0011020951626080876
ck_9d00823bf60388d7,0.001227703823812562
ck_123c15d93f1840f2,0.004285821395489464
ck_573feefba6bf78bb,0.0036106837377127324
ck_b25657bd16739036,8.426155368181352e-05
ck_bd26d2bef14a8597,0.0004484112094576941
ck_a553418f2fba1440,0.00018900745915651686
ck_89f3e380b0686963,0.004778246617636035
ck_b359192aa659bdce,0.00035352868688360065
ck_02241f3dc301bebf,0.00029849421562412723
ck_5ccc1a1c78cb33ee,0.0016805167395263945
ck_349cc5edda1b8853,0.0011801861999320268
ck_e9f228845bf6e28b,0.00920892837795191
ck_0a45d033d4e280ea,0.0007448094400684162
ck_7e63168dda612235,0.0019463361015571961
ck_676fa5f6aae5475b,0.03217044723190467
ck_74b502b20690ccfe,0.0020509346860969222
ck_073509af21dd7f5f,0.9518625141104804
ck_498a0acd450944d8,9.719108953576159e-05
ck_7f15b50b29dead01,0.0016342952944790727
ck_8089fe7403c5f537,0.00039653031951118755
ck_05b2b04e11d9ae9c,0.0012530051418557582
ck_31e70f2f04b48b88,0.00027358521547464455
ck_994316fa5a02b319,4.153460522403135e-05
ck_b76510998b9a2260,0.0008416632159822738
ck_4db95c310e105d30,8.249436245041532e-05
ck_6f730b77dc6cdb84,0.0018496537789841985
ck_2493ee8e7b91d304,0.0020443776550233992
ck_92d679d6ac7dcdcb,0.009384816443127563
ck_3a0e0200cbb185cb,0.012653710317671152
ck_0b2eeb4e00ff7955,0.0005204361052508035
ck_9843d0e61c37ebe8,0.9996612937919794
ck_e61c8721e3ef1921,0.00024275511736158339
ck_2e0eedaaf2980c2c,0.0010395597625151125
ck_9036b2e5e9298a34,0.0010538614301809916
ck_3265442528d51728,0.0031659823387351115
ck_f2ddae2eb1cb29b4,0.0013318103195014044
ck_6cfa71d27fc27f92,0.0005831364720859936
ck_f3199fbe84a28b9a,0.00033450397880369423
ck_b78d785ca3ef773a,0.00035426856727922254
ck_374865697f1480eb,0.004363835449972558
ck_06d0e4a9189302a9,0.005106056554104269
ck_9c9884b9bcaa552e,0.06735969907939957
ck_fd4cf578e87703ff,0.00044569065097749055
ck_1917ef3e6e345549,0.005956588323671365
ck_e70418b00cbbbac9,0.0005204831129188116
ck_a60388296a47062c,0.0008627447181595336
ck_d598fe8d2c779ab9,0.0007405015477007275
ck_646dc03de4c31803,0.968360593441919
ck_e4fd8cbd842b6993,0.000168530880285333
ck_2225b555aa2a42ed,0.000913143006163694
ck_6be8ae9d78148882,0.00011168644717284561
ck_4199342d3aca74e8,0.0022770202562849397
ck_779581adb573261f,0.004342421352916873
ck_bb303568b6915205,0.0017513638603349993
ck_17c4296276448afe,0.003181167329118223
ck_a60a61ac829252a0,5.291567523649679e-05
ck_6ea70950c1cae00b,0.9748846863989072
ck_1abb93f6924645e1,0.0004122924512752206
ck_faab769cce19879a,0.008719344901020859
ck_d5b8e74e7ca6355a,0.0019178823042545873
ck_f11f7691af16ad07,8.599614230408091e-05
ck_188fdf2be7c92e9d,0.9997887787554429
ck_4a103f8254b366f7,0.0035555713582962403
ck_bfa17a0b1760e616,0.00031500065521378423
ck_a4d7f6a5869d440a,0.9942753953231627
ck_58e20f5a3e7f11b8,0.2591353960128515
ck_4becdd3d2696c7ba,4.9872989529827374e-05
ck_dad5cf32ab9f243f,0.002590206963869452
ck_7d9f73dc7c4f90c3,0.008117052733157234
ck_c19371047a2d011d,0.0007241891738242053
ck_247589ff532f7aa8,0.0003050236484577408
ck_7a9f241d5f082567,0.0002588682458446321
ck_0a2b7078736b4dda,7.349062671067922e-05
ck_687b412e2aac7eb6,0.004938185246872188
ck_fce0b6855886a0b8,0.0003237468260114774
ck_e291cc60920456d0,0.0010617612993335558
ck_04219a7ea798db51,0.0028627478121858877
ck_286bfd719836e9f3,0.01988396823143952
ck_55efc92394fee232,0.0004152200547865208
ck_e36c8da1bd359960,0.006332861789534241
ck_34b0988a97d96902,0.00015478649888080558
ck_e0fb11fc9dcb34e6,0.001978203661643285
ck_bcc9cbc9ed8b7c31,0.0008148931123286952
ck_3df8da6f60a89a5b,0.0011108672167348312
ck_b1495ee5c59a6b28,0.0008874929374403492
ck_58f4c3ac61fda129,0.005273451465235515
ck_735f244b99e3aa8d,0.00011718142696195261
ck_6b93bd8abf87b1d6,0.9948701805030475
ck_12107dacc6d05bd1,0.00012838997514929927
ck_f96db2a1f3448d1f,0.00010602984070330367
ck_8fd91a3c99e19097,0.028899033224054523
ck_910205d25388a0ae,8.877623384590182e-05
ck_d229dfa0e4442628,0.0007862011204111148
ck_7cdec61e1c488798,0.0003425110444034322
ck_f66f06e24ff32671,0.00040856602239901994
ck_350bf14e90b503f5,0.00015172553986401413
ck_61fff5fdaadd394b,7.201886922809559e-05
ck_e934f984bad2ff91,0.9920556086449362
ck_ff6a6d3547dd2d37,0.00042122096087346926
ck_65ad9b15979e3247,0.00012962963445818467
ck_bbe1a2ea5a403ad8,0.0975263970381406
ck_6f3a28eecd2c4031,0.0010407466957830258
ck_a89b66665714058f,0.0005342078847540104
ck_918c92182b6817cd,0.00395526129530939
ck_64f5eb4be9e7b8fa,0.01929483357823567
ck_d021fd497ea35fb2,0.0005536354898232282
ck_004de16f7d8a42ae,0.0008671202537101106
ck_a33d2325f86ab12d,0.0021562014827376046
ck_89790ff26c844bc6,0.009941779693975538
ck_e6e7257377c37b28,0.013567336930780166
ck_a2cc3910a641a808,0.40304962182018694
ck_646e270e0195bf05,3.9145391716406374e-05
ck_baba5d66def0d770,0.03904957986907933
ck_67cdcdda3033842d,0.0002633430884901321
ck_b5c3075c811a2216,0.0014353704874723692
ck_515379973a8044b8,0.00020773756603898033
ck_c0ce85fb4109567d,0.0005688383629703943
ck_fef850553862aaca,0.00017453856328667096
ck_55d7217b0aff9fa2,0.000640693489128874
ck_8e139f8925ef7968,0.00012467019706744855
ck_9e35b908fca1e4d7,0.00014723522018227528
ck_59735f4ab2ad3da5,0.0043493510024691165
ck_dc569c1167ccec0d,0.9776153593491463
ck_1dade5592f90a15c,0.0022441017778224936
ck_793048d11fb8b328,0.05290047307161779
ck_545b71eb4fa594b5,0.0009446094120764371
ck_bd30853e9a57b544,0.0005353030596181886
ck_59f46321ecf6d306,0.00012135233839525978
ck_260cfe9141d249f1,0.02665235023590647
ck_3365a0ad1a8aa83c,0.00043264736217908976
ck_b0ef193195a2138b,9.4727885929627e-05
ck_0f909705e2e60f2f,0.0009294099505054596
ck_5a540b75c866166a,0.0007374862396871372
ck_87c26b2f41025109,0.9989834428150989
ck_27acc9f320cda104,0.002881263215461702
ck_a27bc31eecd9cb9a,0.0009702492168458508
ck_115d86fabde77b65,0.0003314901117640216
ck_eeca179341d56f8a,0.9882885481323298
ck_8e5999c436cf037e,0.00020341358497568345
ck_510e7c5df1f95d90,0.9985495782410203
ck_f1acf73363925958,0.00025022963985692437
ck_3c177f5970b68bd3,0.00019367771493565463
ck_9cdfaa1c30cc9d32,0.00019528555156916156
ck_c8efa1538b37c359,0.006262900334312501
ck_a8a2e296f9804bd7,0.0005760381674563022
ck_91a0ca45f429568d,0.0014697456112504775
ck_5fdf8a0bdbd3ed62,0.002400190082615162
ck_0f4e2ec66d50da5f,0.0006289105780380307
ck_28c53b214b2ee882,0.004798990226925396
ck_003148504557f720,0.003875075888653478
ck_01d840cffb870615,0.010699002147021092
ck_555848d51f4b5f35,0.001278837269084178
ck_df20cc23b8fb8e22,0.00011708391700672232
ck_f9604adde929beff,0.00043459604137056484
ck_d66952b03591bdec,0.005525945909383311
ck_ddcac1ab765ff61a,0.0005615343829161133
ck_347386629d96c664,0.0007410301602620393
ck_ab01db9117acfe3d,0.00012323607980111177
ck_58e5359efc52e0ad,0.003980917095314777
ck_1a524b5cc8da71b3,0.0013722192290849008
ck_e9287b6d909d731f,1.713458527287161e-05
ck_bb41a66e3d90263b,0.19349997367306657
ck_e95c8cc1864bd584,0.0001470941191306795
ck_7a3f2961e9a8b6dc,0.001940441645572746
ck_378a9df82b1e0bee,0.023587728117330932
ck_42633573639a3f02,0.9996676901130451
ck_2a5a4c18c2c7274b,0.0005208115587317102
ck_77549c1a41f837c3,0.00026488950227563203
ck_a26704b5b26258b7,0.0005722988600131092
ck_9874ad160efddf50,0.0008816067382026963
ck_9111e3a04b14dfba,0.0010754930735893055
ck_651e076ee43aea85,0.00017528631247190743
ck_391639c0f13932f3,0.00016238220713073783
ck_02dbabda93c8c13d,0.00024205057367424385
ck_0adcb1fffcb0a34b,0.0018432665926766075
ck_7a43ef9c7b1c67b5,0.0007286932700456556
ck_4b9dd69946438d0b,0.0003908828675507906
ck_90bf017cdd37b66e,0.001683885131728062
ck_61c74163eb36556e,0.0005776801065112537
ck_13376c59b5bd6943,0.00011421989972432414
ck_62337eccb1672737,0.0012577004266154626
ck_16077934338472bf,0.00024348130377704536
ck_0d4dfd93086e7330,0.0032546199248079987
ck_3865b7525b910893,0.0008483033645138199
ck_7e2ae8b69ebd5675,0.00021564811450351263
ck_b4384b6c11766ce7,0.011066132969253403
ck_3d7fa32dfb9fc692,0.0019755037636168234
ck_f4a6a7cadd6e0603,0.003347143789873673
ck_212525e2828a6c45,0.026360980533665083
ck_33ad8d53394ba77a,0.8838016185930172
ck_a5051eafe8b51224,0.0008468292551032834
ck_f65e5ff7da565f91,0.00043897775120335886
ck_5c37f7563fa7591d,0.00027454174096342126
ck_f1e0a006068aff29,0.00041476226663299097
ck_c646cdead6fb79d0,0.00015645618998419677
ck_f8b3cdffef535330,0.007842647710433723
ck_e5cdbe3aa12c97f6,0.0009039216047671092
ck_986e4e61440506d0,0.735807919090681
ck_6da9c5912e15d9a8,0.0006589877834658694
ck_51d842e6dae74c71,0.00016136728873870497
ck_5fc65c24e0736d5d,0.9958719142189885
ck_babb95a76c69509d,0.0011523981282695567
ck_86a2d852a9715432,0.0026101855254591277
ck_db4083a0d043def8,0.0523587331045545
ck_96953b8945b7d403,0.00016777136271388748
ck_7831ca5c31fb3859,0.001085497999923577
ck_60ac5e5f375daa38,0.0013829535150550194
ck_05d44eb1f5f085ce,0.0007077822292079142
ck_432cc19c7eeaa46e,0.0006923436958576919
ck_7fc513033af061af,0.002387715873377559
ck_ada6ede84c111719,0.0004871025488601509
ck_6343e0d3b1c2962b,0.0024404677171554747
ck_010264ae04f2e902,0.005555653849432547
ck_e9dcf535f8c289eb,0.0017893261350746474
ck_37143d9cc296e6fa,0.00012006335056334255
ck_61fa051192f3e810,0.0015081176414883202
ck_f9f93d1d41be1468,0.8268931612204777
ck_c4f4f28457be8a74,0.00012648714068778767
ck_323a71f9452d21cb,0.9746856484623414
ck_170f4688e0acd875,0.0046826054864693
ck_869b1878d09d230d,0.016669608104622452
ck_2f6b33bf46976229,0.00020520598309220706
ck_b11e22e75d9b99de,7.057467996236436e-05
ck_123d75ffb75b606d,0.004476163277060885
ck_94295287a04c85d2,0.24889065452719117
ck_1b0434f096795328,0.0002936537132227077
ck_0a4e191cd0a57ce1,0.0018816568953481734
ck_d2fbd0df99634676,0.00021735917661974395
ck_d51df5e9fbbbcc94,0.12981704566358715
ck_2d3d7d64a6f443f8,0.0004289107095746595
ck_731943c682c9394e,0.010435935164667955
ck_5ccc0c94e5e1f849,0.0008699472523144797
ck_c3476080516db25d,0.0007476663662703944
ck_5010ffb1c94187b5,0.0003329143224389113
ck_7ef666d67bc70223,0.002099309250695564
ck_c1b493527224a27a,0.00045075268394584734
ck_5d1e25d7acc5af9a,0.00020640639597169878
ck_ec30b61cbf517db8,0.00015246394434524667
ck_79323eb5d2e5efae,5.4980546213994565e-05
ck_4085cd3bf2661518,0.0003518772847755999
ck_2ca91214c357c072,0.007810210181400487
ck_7f3132d6be389657,0.006195285655507484
ck_e7a6b925c8f39a85,0.007203380216003646
ck_c886adec7bac250a,0.0006337175124914462
ck_c3f360c2d0ea0a37,0.00045108821461010826
ck_a7acd5b015823793,0.00024633135782021624
ck_9d64187c0800f84e,0.1698052308427163
ck_5d4ed73b9efd7d11,0.0014910810249631143
ck_874eca6776b34dec,0.0005059524511592791
ck_96a9221a87be93c3,0.0024297540117924786
ck_68dd79a51eabf5e6,0.002163696665234807
ck_8311cb6755b2016c,8.920746193779368e-06
ck_16fc77b2bcf5ec03,0.9383744874119321
ck_ad9e2088a33c8c72,0.00010860538897837906
ck_7176bbc97b1e42a1,0.0007581047400573339
ck_80dfa54b30f65fff,0.940797953819138
ck_31c54d540b128843,0.0009343433404477188
ck_43ea894480567274,0.0010908736134606577
ck_9c9e8a38bd5a6c88,0.001138947531037159
ck_1c2dcae19539e148,0.0007186012220349056
ck_b0fa8b84e94d8ae0,0.0002614645787558208
ck_4ceb43ccd0a81c2f,0.00018715614643608725
ck_ba845332b730b596,0.00043161771840854286
ck_73d3e8c6077f61e6,0.002451262619002786
ck_b5d0d223ef56473f,0.0010341313526946963
ck_949f08f8e80e93ea,0.0003355523905518189
ck_73de0b49709e5f8c,0.00030874920795038573
ck_b5935e9722a39819,0.004029855094225709
ck_96247fee0eb44420,0.0009484175052084735
ck_a6def1e4b2d57e0d,0.0015383065876331116
ck_aecdc5a96321a2d8,0.00042511647836816855
ck_bc61c59970f8de49,0.0024650941430228875
ck_c43b4175fc9ac5bd,0.8824641986893307
ck_8ff7a9b23a55fd62,0.00029532008355253323
ck_20c99b645f462449,0.00019386074246340268
ck_a5ce2ae36fb410d9,0.000345764922778841
ck_96fb9bf556842bbc,0.001014725919631161
ck_b5e4c6dbbed1b773,0.0005234821657898159
ck_2085433978e72ea9,0.0005947671304596732
ck_2c6b174b063ec637,0.0003713138877609027
ck_b20b81b88dabe28d,0.0002471151777026595
ck_243c18dbf150831c,0.004031204809610805
ck_2bb6a17e8eee35cc,0.0038086993973334544
ck_66147fb994495396,0.07513941680388134
ck_73f124f075ede0fc,0.0006131620040969936
ck_2e315f1b1e533dab,0.0024899021469176616
ck_16c7bf94ed3e7a6f,8.902928754434081e-05
ck_4a0eae220a762ac5,0.0034199898952280102
ck_dc16f939c2f44ad8,0.002568971225936113
ck_817926b449754917,7.45652309850587e-05
ck_0c0dde42ab64ef87,0.0016442417318090902
ck_cb3a40594da6a2ee,0.0006205566391013291
ck_d0dc156441fcfdcb,0.000725824278464845
ck_66f0945add423e9e,0.0033477229887977898
ck_a74f6a3030f5d495,0.0008714105501192899
ck_1ae460f331e49ae2,0.0018775042719245412
ck_2d177b2f4f0b40c9,0.035877271403221875
ck_92e474e4368c4791,0.004427864562514402
ck_3dee83fa2d109484,0.00032491611694079544
ck_80e5ea27848069fe,0.0001539572525780321
ck_ed0c4a83701ca230,0.00038167560567213175
ck_0b8b7c5c581fd161,5.712214735508614e-05
ck_60bf8a2870956fb1,0.000298198012739564
ck_73a54b56a2bf35fe,0.8714121706413206
ck_2296d7a563424883,9.51644847646505e-05
ck_bc19c383560c7477,0.0005149428741144539
ck_861d8e3d88f1079e,0.0021323331580277386
ck_3f090fc96c24eb28,0.00048228402326535875
ck_9a6a1f8102febfca,0.000858147691423107
ck_541b6ad5d2fa5a39,0.0020580387098969055
ck_a760d38d1bc4de97,0.0007034146211488798
ck_7dca4d7ee10b4eeb,0.0004483298869047994
ck_15220e78d1545e40,0.0033427818214895578
ck_ca24bb0de508efb0,0.020037536846707747
ck_56b389627d8f02c5,0.9325751091080168
ck_48a6754977a44db0,0.0029606462277926193
ck_333a43ec339a04cb,0.0036072560987697525
ck_f22aacaf86a65d7e,0.0006289909044943215
ck_04bd8a1ffaf3ffd8,0.0003920300035698633
ck_2737a72de6b700f3,0.00463831072815034
ck_c35e03b0dd0c3454,0.0003532717352008216
ck_e0571312f395cd94,0.0006126740545112993
ck_09fab6b9825001b2,0.0006520460146067761
ck_18c3a095606209e8,0.0002372817778376949
ck_2a97db9377d01e36,0.00017824720975010674
ck_f29dbbfdd2786bd1,0.0003888650927526802
ck_35d6c510ad29362e,0.9820709777072147
ck_5468fa99c945d785,0.00206820673888172
ck_6f8102f62c876cc9,0.001275759681958309
ck_91955aab3424ad16,0.0007436442014077687
ck_9a43c0c73a39d759,0.0005577495972061839
ck_60b023af6d1e30bf,0.8457254586390578
ck_9704c5cf8659cedc,0.0013794473709938223
ck_7e5f02b51b9f78bf,0.0035058635263865183
ck_7d3a88d1aa649708,0.8623477820900118
ck_8250eddc1ecb07a0,0.006108502124275562
ck_d979ef95ee44023d,0.0032842264242779473
ck_5e5461dac83531ac,0.00047346456795377585
ck_d1bb8890081e0a31,0.0021902381675561336
ck_32246c62640648d9,0.00013993952093537833
ck_77a40c7d2f862a32,0.0008871508822567182
ck_1c8b94efe9238f5b,0.0004673193199485953
ck_eaf3b6d11bc3cb11,0.0004506723789363767
ck_a4a7ef3ad799c380,0.008755734406861568
ck_d5bd8f68da073cd8,0.0029215640683887475
ck_6e6258227fc8db7f,0.00023525540441133973
ck_c35d444e05799db6,0.0020863399555245974
ck_74665e1209140ae8,0.0006750876738032815
ck_353a272478f7e903,0.002820444149828092
ck_a2c9796ea229a4e2,0.0019394204077027642
ck_e0171f91cb3411fe,0.0013141563751401012
ck_703499f5410280f7,0.0002465581080319484
ck_ae3a763997f8f385,0.0025393200018672935
ck_f7ff94c3df5ac874,0.00021043889256668015
ck_f3c16d8f747db046,0.0010643207193876884
ck_7ef019ed77276496,0.000398393633295133
ck_d6a4faadab58a3de,0.0002406717186364773
ck_ba7b78d31d74c794,0.0018909484424823437
ck_36287d063350ce9d,0.0004041300349696098
ck_5177fc7137ff26ce,0.00028946007436200934
ck_dfd4e79aaa967b63,9.742721346959297e-05
ck_fb44d15fb93a7157,0.0001684064581289973
ck_fca478361870a4ca,0.002415926335415177
ck_e57b94fe57341058,0.0008563116536076882
ck_5448c946cc4758fe,0.0006907874825674495
ck_c5ece5ffb8800ad4,6.27191110310286e-05
ck_11cb98211b2ed134,0.8675368034526176
ck_f655399ac75c4450,0.0007028810471489991
ck_c817259019588d30,0.00040810256713230556
ck_8740a14d8096c6e1,0.00047821265489596547
ck_0c5ba86f4e05b38d,0.00034867016433738743
ck_ccc917533d4b73d4,0.0003093196323195554
ck_9eb80edfa43203de,0.0037456724162244354
ck_d1a1cf4cf61d6801,0.0010620996344883047
ck_b17c239f160e6017,0.00019202588426695352
ck_410c3e13b48e0415,0.0006332590259549683
ck_ab553954435e8854,0.012692961718090057
ck_bdbb4230c91e1604,0.00024337508869326415
ck_8fd4937eadd64fb6,0.00235790353391625
ck_e0e90b196bef3c11,0.0008254832146691374
ck_3dc4d464386f0eb2,0.010975841946046328
ck_51bbbf8f8e8ad005,0.9998691809890149
ck_c05737ab74cf03c6,0.006895377153285536
ck_dceabbe04d99afc2,0.00029264924670852836
ck_5b86fd14e85bc9c7,0.9604979501070952
ck_d4febf0083800424,0.04966808297862252
ck_77d9f86dcf251739,0.0002189271503905939
ck_b4dcebc543deaafb,0.0014322976951287544
ck_cb856e75c949b0cc,0.00010378164603822768
ck_61b067de8ffc1ca1,0.0013480262258814162
ck_c0e8560ccfd9dd9d,2.135199075947324e-05
ck_173e1198c341087b,7.678935691107525e-05
ck_b4d55bc809000276,0.0003823203160856766
ck_839bf139296b5cea,0.06124856262899964
ck_78cd402a2a4f2e35,0.0005962835525047769
ck_c2925c50ebacbdba,1.7104775902548653e-05
ck_5e3bc76eddbdb0a6,0.00035417617344075453
ck_b7793edca26fc512,0.001992324920076639
ck_d79bdf04d6f31cd5,0.0004992427643115018
ck_4b97d19ed946f503,0.0004468340085098597
ck_37139b41c5370523,0.0007689539253678996
ck_8c346eeefa9ce692,0.0004384069527454613
ck_2ab7eddee2d8c49e,0.00014008710988357427
ck_29da59ea3bffb9d8,0.06357473666199284
ck_c1d05ef0ec6e4be7,0.0003243677309401981
ck_3882423b449f6291,0.9858509867957966
ck_5647030283171ed5,0.08933753033770994
ck_efbdcd9c181e72ca,5.419359713485673e-05
ck_192fdad892782daf,0.02060049519086801
ck_0bf2e13b9f2601ac,0.002392277703118532
ck_3d6046a533057795,9.831762304012278e-05
ck_279a1d3a3836e5cc,0.0020572216771931272
ck_c375e929becde422,0.0005007238473483061
ck_a59e90219939a1f0,1.2766405466532295e-05
ck_4e9fba1ec54c3ff8,0.00012189081085058927
ck_bcbd8588a13f5eef,0.002147831138704815
ck_5f9a7ff990341bdd,0.0004338906387543392
ck_e0403d507519b7d2,0.0003838291916964672
ck_c9490cb61aff5112,0.0010966260968017843
ck_41dd44308e6a665a,0.006935198847142364
ck_76c23726cd7ca947,0.0001937447849950402
ck_9be551300209fa83,0.00041910510153711055
ck_a98848eec6c9581e,0.00029143559462388625
ck_61176dafb33b2d8a,0.1980674455980374
ck_92de019e05971ce3,0.0004886796739125625
ck_5d644224135d7c65,0.0016642144297433145
ck_c767fc454fa215d0,0.002051965979703598
ck_5df85a8924e11f27,0.001677782536409814
ck_da2729307af06ed5,0.001846743538633388
ck_7c6b577174af7a78,0.00028488202375862417
ck_893b8afbe11301e1,0.00019394588219630407
ck_e06f6fed020ae014,0.00021189331631263838
ck_386680372fb54857,0.0013434288165521287
ck_7a7f3c4fe0c9d2ca,0.0034335566209668217
ck_f908b527c4db422d,0.0011330287396491136
ck_ec2eee6a133e9a6f,0.0065458361858143025
ck_d98934f9fe0b02b3,0.0002705561366340377
ck_398a1ed77b0130e5,0.0013745260003719382
ck_d960af7a55b892b1,0.00012975706684856015
ck_4637e54a9f79e2e7,0.0030305697993468664
ck_02b9f418524f6650,0.00048583039989639283
ck_d4b23804cebb045d,0.0008039014691202159
ck_35b1939c48182a9a,0.0002677082856201108
ck_2dcbb71e39d64305,0.0007783107065287702
ck_47a884dec960ff2d,0.0063153545194316206
ck_71fd8c346fde5cca,0.002665200126187986
ck_98e1992ac8e7d2de,0.009851657462414686
ck_ae7780327e210522,0.0007263267705053847
ck_e6c584b4b1ad6d9d,6.183968154633471e-05
ck_344b2e326a6c3dcc,0.0012077565918697899
ck_9aa899a5230b0963,0.004440306336159034
ck_e48d14d5b70ef5aa,0.0019665547533147874
ck_59d380a0973b3951,0.00046786675674431966
ck_11318f7c041a5ba9,0.00012895169018304345
ck_7061786fe2f22f5a,0.001109096926030851
ck_e77529651c416cf7,0.00019831308748608683
ck_7f79878197340435,0.00013994203830797517
ck_b0a0fb0ee9ebf106,0.002094012609638595
ck_70c7679199776a90,0.00016496519709792573
ck_b9facd2210daca5c,0.0025713712405152057
ck_9949f53c155b8dde,0.0007297953212842099
ck_1c607e24f2c4397a,0.0021464266031168454
ck_aefd1ce3ce093cbd,0.00014113797116743518
ck_5a29b7018e43280c,0.00028572571641914896
ck_69eb0b2ccfbe5f95,0.0007136298714124986
ck_fe037765aa465c58,0.0011009653272274784
ck_5e512ef5362a3dd6,0.0007474866088358099
ck_544a9e80b7fdc279,0.0007317792579159221
ck_7825494e654d5695,0.002604232073776423
ck_f1f2c3c623553f0d,8.336722279652979e-05
ck_52730906e5b461eb,0.9208660808418949
ck_01e0689157fe9617,0.0014176422152711308
ck_9da82e567074da9d,0.0010057342646300742
ck_6a17384072f904c0,0.0002472516292396416
ck_8d84d771a21942a7,0.000600363245623384
ck_39638880292782a7,0.0003003404190923275
ck_7d51c86e0eec72ac,0.0004075771743693668
ck_45f4c821c70d134f,0.5814286404718328
ck_0af3c13ba56ce57c,0.00016162346049974425
ck_0789a05e061b2784,0.049512787314804706
ck_6ba091eb42ffa9fb,0.01690938687686392
ck_265accb3c5c32620,0.0013942193476076754
ck_179039559ff7566c,0.0003303930968764373
ck_17c0a6a92b5765cf,0.00010520094155234101
ck_59371c9140239fd7,0.0004027522516858534
ck_f9c4f8b4ce2691f0,0.0003017306572796352
ck_a2637e4872cf4811,0.037187579550470605
ck_1de43fd6c6c22a5f,0.013338101262296157
ck_6e4f31bd108571f0,0.0009394525246087107
ck_da06d97db0b18851,0.00019896884998606926
ck_e0346d5081e640e8,0.0025280631716571344
ck_c1c7d4e62c9fcded,0.0003168431248730646
ck_2595669e421299f6,0.001129269443253124
ck_3b6057d51fd4c7d6,0.00024169261091297597
ck_c5f8ab515840a0fe,9.958085986417336e-05
ck_435cb24538c6f77c,0.0012195099938221157
ck_d84b5403da4cea7b,0.00030571026674933914
ck_c2b61a98d1c8f6dd,0.045106124923674044
ck_c9dcd92b2f836b61,0.003711557805518987
ck_9eb5b3f5f672c2b1,5.675796664797656e-05
ck_e4cf189a8d31649a,1.3504112333237803e-05
ck_6b114f2a48152b96,0.0002108345073622897
ck_3fb95862b70f505c,0.00626098160052177
ck_7f780f465c29398e,0.0001219882165140832
ck_ee387f9da79e67ea,0.004050966155749836
ck_fa3b1e85d27af2ee,0.003777114087746087
ck_e739eaaa7a1822f2,0.002773012550014516
ck_dfa0ac11fcb1dabd,0.00045569422850835257
ck_6e8751b571ea54d1,0.001301121229767883
ck_2d695f8358383092,0.0005233180072039605
ck_e7dce27edb700f27,0.002305099969527953
ck_e322da8b213eab52,1.382047184747472e-05
ck_d0b32e039abb8200,0.00020781266474643195
ck_b354003302b272ca,0.00011042457927435987
ck_f7485cba392bc294,0.12269276867438572
ck_d6a290ff8362c7b9,0.0075247855226454425
ck_c56a44fe315c0389,0.000225846942321015
ck_f77dfe6512eae322,0.0006934798614694958
ck_35fe969c58b9e70b,0.019395543460543136
ck_4c518637db2322d5,0.30946996683159955
ck_cb61902798ecc4fd,0.0004575102730018158
ck_56e6cfa32156a916,1.8981832386065206e-05
ck_343e6ed2b9d35c01,9.478961486226202e-05
ck_51440f64f7250ad7,0.001837772442896035
ck_295bca29c34cfe2e,0.0002893302956790001
ck_dd30558576b45e7b,0.00019473978358312645
ck_3a30132a57181fe3,0.001274411120232764
ck_4a733aeb833406f4,0.00035093286275495887
ck_1b0b7c3d35ab1259,0.004248015409383102
ck_962c3bbf27cd4b80,0.0031583373759932975
ck_9528e1d6b1707870,0.0007980991968915385
ck_b3263e7f31aab45f,0.0003161014282155766
ck_e69195a3c885053d,0.00028366120953964523
ck_a907fa8795cd4baf,0.0001470494714768077
ck_205c3405045bd835,0.00019149561384531805
ck_e81fc223bed3c46a,0.0029876897548673817
ck_363751deae40edfb,0.00849965681843902
ck_6176baea8cbebbb6,0.00010368170595431782
ck_633e6579f5c74a5c,0.9975735234691839
ck_ddc11fc481eef58d,0.0026545373158916295
ck_e975002c979e12c7,0.002914821363214031
ck_8e039b23acaaac00,0.008336296642963571
ck_1d6990d94a4d2ad6,0.0001959787838247251
ck_e7b583acaa3171a2,0.0034111421845239645
ck_c0133f60d39b2fb5,0.0003775372370132323
ck_7d6bff85e7a694bc,0.00014826216767663703
ck_d305b4d82f63f647,0.000676130466879788
ck_22bd0fc71f95e048,0.000923085689157004
ck_9a65fcfc7916f93f,0.0001678621339209394
ck_d61c837b0106085a,0.005696370382968179
ck_be86a1db08dea456,0.0006732028305279306
ck_90489c405e6886d8,0.0002243229781067404
ck_0add2c321d579d75,0.006061995379549756
ck_482dea6eed92cbbc,0.00021536899566317562
ck_c24b47184534cc2c,0.9981776043251147
ck_fa04ac31e596e7d6,0.00014719669861695117
ck_084322dc5a3a86f0,0.0001124810832298145
ck_ccb72a33cc1877b7,0.0002999673487626434
ck_afaf374009d3b248,0.0004071930135458467
ck_b53084ffede19a8e,0.000179616991602301
ck_4760216154c8cac2,0.4045761192070996
ck_37ad3a65db673e70,0.0018985422469033827
ck_0c2932cc0d553694,0.00020909781237859836
ck_86b853c52f20fef5,0.0002621003694340726
ck_38703b7546d35a80,0.0005148700447997088
ck_218b7e6e6dbd2da0,0.0006919169199213814
ck_402db4184982fdf5,0.000979404148543262
ck_f917c82af80e4a79,0.0013889813376935848
ck_3c6417a233c68c73,0.003002371519474803
ck_98068c397d70dd3a,0.0006413102586562685
ck_b1cbd6679c0f8d95,0.00044447708405989374
ck_9e962f9bb0e7bac2,0.00016719891587023384
ck_b08247c3ad567d92,0.796387098274111
ck_3ef7a03ebb81cfe3,0.0003697868240793854
ck_5d7ae0e3562e99bf,0.002476609109098354
ck_c91a628236baf91b,0.009977038098525771
ck_7f8e816ca51755e3,0.8869850788366666
ck_5aadd286d188f5c3,0.00018463325657087665
ck_a037aff5f8128c73,5.085244242396513e-05
ck_5df6529ce8290906,0.0007383295020069144
ck_5f3609511443e5a8,0.0025625698644974122
ck_a6f61864fac3c8fb,0.0005011489371075245
ck_2733fc6ba23ae46e,0.000386064807393973
ck_22bfb9246646eb41,0.8118150069470935
ck_bfc2a57d8fd1610c,0.5837249808677841
ck_49839e761d0e74e9,0.00031058667201530404
ck_aa4ba931dd37481d,0.0015261688169284885
ck_2f9fa0d61829f815,0.0001225676780870134
ck_5b82c774df10d49b,0.00034384870086234603
ck_411219470d0a195c,0.0002609326813418332
ck_d07485ba10514a2d,0.04259211238665388
ck_219bef979ee21bdf,6.765114923635525e-05
ck_eb1006e7285184a6,0.0032390511203349856
ck_fd242b18575e3063,0.006434905377021011
ck_95188150ff059c70,0.0036869315815385
ck_a9ca2f447b984a6a,0.00015211294224180366
ck_2dd39723c4088b64,9.862016964633915e-05
ck_aa2b4c662ff213b6,0.001837340969446767
ck_1867b1199c864db5,0.0005795936267406932
ck_850ec97a5a0dab9a,0.11561478481740742
ck_562320295fa35875,0.0007043604966207938
ck_bab5759b07fe2bea,3.237839050629911e-05
ck_b9f1465d803e57b2,0.005258992578464675
ck_8f21f2690c32c691,0.00798342860533453
ck_df87d6f61a63eb21,0.00038182808022637477
ck_770475876d0e7e6a,0.0006959766710049335
ck_b4c014d5c0cc9eb2,0.0004286339770026238
ck_3add4d23124c9290,0.006956500260017752
ck_bce5b7fecfb6264d,0.018679386972671404
ck_604c17cb97dc89be,0.005868270004273592
ck_e52cbcd9aafd26b2,6.498021452335099e-05
ck_0ac9114076f5bf3d,0.00016917164104701126
ck_dcc125b178b79566,0.00014782884013014397
ck_4e333c09f0c37dee,0.022151142315733556
ck_ff7e31ff8ba731e5,9.389954067449129e-05
ck_8d0532d24f1070d1,6.109258146668228e-05
ck_3689fa41748a6f6b,0.0009230444144365483
ck_7509eb97c1948b16,0.0028576932152260598
ck_a9161cf1ca22a6bf,0.00028455860010901963
ck_bed3e3db135b782e,0.00099870595988629
ck_9040edd974ef8e3f,0.7690174420955393
ck_fac32d76ed40f683,0.0002639097929758204
ck_3d7b1078e2d57c69,2.916346106663863e-05
ck_dae09c4e074af5dd,0.014518499597603768
ck_fd84507228467b40,0.0029014325642068815
ck_e2a2ce9b8cf44c63,0.0007755848715411736
ck_cbe716f351d660d4,0.00012276132271845324
ck_cba4162ef29a6d27,0.00033786521871543304
ck_4f1e962ff8a29732,0.0003711310088152616
ck_39a81899dded61e4,7.782577083388004e-05
ck_25382331551d22a5,0.0014985553571338598
ck_6d64e1c07b19856e,0.00018335242780673274
ck_165a868bdef28ad3,0.008180449395487916
ck_88774ae52e30e877,0.001525842246668152
ck_fc7a9d0643570053,0.00025600057265786616
ck_c2017120b3b88a46,0.0038248492645894436
ck_d115ac6b9fd62a7e,0.00011849588486551607
ck_439cf7d51ec7de0f,0.00010332454348398559
ck_2468a7e9e68a0927,0.00020972984968935948
ck_7c418947124dee8f,0.0031703470046088034
ck_fb0cf32c4a56f740,0.000572429330828289
ck_694eb6c43193afd4,0.0007079624885275345
ck_993beb188dd4abb6,0.0029550937815506417
ck_77fa39d3b733c226,0.033438103211533905
ck_49969a9abc47cb69,0.00020753396994143084
ck_d3f44bbe2f7e9b2d,0.0007941675657212735
ck_fcf5b8216d0c18ef,0.0007961587174595792
ck_daefe1e2d2bc362d,0.0006027854234350742
ck_9c9287cb28950eb6,0.00036105698047761274
ck_c1d1a625b885a975,0.0005848723893641034
ck_71b37fe47490b4ba,0.00010935355343077603
ck_5d16e257c0635f7e,0.795722332681934
ck_15918075563eb074,0.000500884983204247
ck_9a15fdefc47e8d11,0.007545988272065452
ck_6f04d047d1dde75e,0.00011690121695290688
ck_1af2c0b3b8d202c1,0.0001697145581429005
ck_174be2231c5fd2b6,0.0003253606611572315
ck_bb0713a2a1d65982,0.000387781429978846
ck_0daec63bd5b0729d,0.002519179951804254
ck_c0b5cc3e8ad2ff44,0.0008111140212590353
ck_35bee1fc12664644,0.019441774861789763
ck_a1c7cf63467df4c2,0.0007500242773048474
ck_ecb1e15f0b185ceb,0.0019244586045282484
ck_f280d31f54a4710a,0.0012360530684332976
ck_30f4b2ee8abe1342,0.03313743291341126
ck_66bed631354de5b7,0.00018124475968256905
ck_c2d3ecd7278eba2c,0.00020552289299866322
ck_e901dec0e09eccbb,0.00021630658585977664
ck_5d038ecb3c8748a3,0.00011784654000322758
ck_283c5bea94b21e80,7.443862250916024e-05
ck_7956c251b85f009e,0.8688741341180934
ck_9f5f81d771146aa1,0.0002243731888932803
ck_9323e6fc1e168eda,0.6575502075087487
ck_10495d3a635b8d69,0.007805633675317084
ck_1982d571cd36eb0c,0.00012257917768107192
ck_4f5d7985bcc2eda4,0.00030655242272261047
ck_7df526b2b4410bb4,0.0010181341713750157
ck_dbb498b1a346a402,0.00011444402547649117
ck_ef059997563e3330,0.00014303211227137863
ck_02ec4e06709e6b82,0.00035422942154870665
ck_9782c86ba6485f88,0.0007819647543417428
ck_d69de468b44143ca,9.373143814101373e-05
ck_6430a8792f400e0a,0.0001879864400097562
ck_8285bd3c90af94f6,0.00012633463873567763
ck_985c9ca112000e9a,0.0011928911620749695
ck_e679fbf4f4f4aa07,0.0007983475201131721
ck_016e8c8eaf9d511b,0.0025243671594212167
ck_bc996c523944644b,0.0012902435304179348
ck_5b8315726f6204e0,0.0012787029358672123
ck_78181f8e998e442f,0.0001646843228626196
ck_71c68dfd011dbbbe,0.9019347534924289
ck_db32c95ce2b6f502,0.9439759806543041
ck_755010362a9b1bc4,0.0005350539233537498
ck_114141d85256c9ff,0.0001083163525756538
ck_9d1a5cf5a3b87e48,0.0021739085308654284
ck_ab640420858ab5c4,0.013434156160198685
ck_97a8dac48dd62488,0.01312125279252985
ck_879cc3166fe1bada,0.0007953630678779091
ck_b0ed11080076e381,1.965432028293969e-05
ck_7334a9ec656263b2,0.001464471935073995
ck_6494f0ef13ce44d9,0.0004535141557132984
ck_724e459b9ece38f4,0.0014086928704181985
ck_7fd8b1470401695f,0.19383884621991881
ck_292f81186358b0fa,0.0001490739120313915
ck_fa7de64d37287615,0.0031802866188925783
ck_d00e09e66ed6458b,0.01058929022908929
ck_b8d210e741be186e,0.00013502669067887255
ck_3db59982cbae4410,0.0031222347259444384
ck_69887d0a9aaca6df,0.0003411185045233564
ck_4feb21e2fb0b3977,7.289073888331082e-05
ck_08c6cc1e143475e3,0.0005395474181352806
ck_fe6e168cdbb46b9a,0.0007136051917721566
ck_07f1734be7fac56a,0.0024579218478070057
ck_d66d59981307db93,0.0010136603617712297
ck_f928dba0d587d7c1,0.000371783936811347
ck_786448fe3004cbd0,9.378523955762611e-05
ck_29ea329fa40ace62,0.0009854996974233581
ck_7ea52b6f27edcb73,0.00018228208120667962
ck_18bc51bbf3ef198e,0.005316100852222341
ck_44950df09ff14ded,0.000546013290987191
ck_c1466b52c0a10b93,0.028704093432348116
ck_6cdac067cc4db5c5,0.001960177613581422
ck_53f55c6e8cf2d432,0.0007444858932948069
ck_95945f48453ca532,0.0014694287600739298
ck_87cce4126e215153,0.0002874169647662654
ck_1ecd5516c92caa4f,7.915560558910962e-05
ck_819b482bca14c068,0.9574287285090115
ck_a61a879dd46fc9f2,0.0032820999827496353
ck_af70aa32c009c3c9,0.00031772265821912937
ck_f4fe78e249092ab1,0.0006891055004781912
ck_12c46bc52bf45b36,0.0011612901036927217
ck_f05f5e4b40afa52f,0.005171277839761479
ck_0f8cb09d3f4fc980,0.00247596573559889
ck_80a64a7f0275a71d,0.0001729081826469797
ck_683af7b1540a0b22,0.0007697974521228545
ck_51fe0b613c076cbe,0.0002653354409379202
ck_da1a2450219dcf19,0.0004378584545906575
ck_2a7eba01ceba6c2c,0.0020429569377330686
ck_4e329e29dfa743ea,0.09433505593678528
ck_0274d881d6db82c8,0.0001686556551968896
ck_0af5b7d128035b35,6.564039843049909e-05
ck_ae0a7be6b0a0ea68,0.00013583436734004853
ck_de5bb7a4d091386d,0.013758450760720065
ck_2bb7c17168a9d17d,0.021515286182932823
ck_0ffdff7b2f5fdfe4,0.0008604295565400905
ck_718a8390b3d42d7d,0.0046678082581456315
ck_7c4f12d70f184533,7.055530402439318e-05
ck_d3e2c26b8adff099,0.00026677276096071683
ck_ac9d3d9754104cf0,0.0002676903813719438
ck_3b1766a1d51f8f0e,0.5767894490649926
ck_a9bf75bea912027b,0.0038801228243524654
ck_687eab3ffe1f8cfa,0.0011302411137807142
ck_25dd0b02af5b2f37,0.006612236727929682
ck_1747fcc466f0ae38,0.00016491358505774578
ck_f6e9d14dfb6f3c28,0.0029972347621983982
ck_c6a7bbd0adc4d5f3,0.0015260537980271017
ck_46656a23f4456d22,0.7900703108471989
ck_7519260415c2998e,0.00040976865173770647
ck_754f30ea19df857c,0.000978215074955478
ck_ba88a244d5f7380f,0.000546111276826822
ck_f268416945316815,0.00011639445810318269
ck_21860dd2159dff28,0.000667516762873338
ck_7a86ef4e2beaec38,0.00024173191467588177
ck_0414507baeea936a,0.0009151911502817162
ck_60796eb60fc3043e,0.0013855499001251017
ck_1e0841ed17fe0562,0.0005249492327276913
ck_0d641d32658d6e0f,0.001253043403369515
ck_b36086ae6d87eec1,7.24113404307623e-05
ck_962e65ab33b5c311,0.9869546384630137
ck_b046a42684468e63,0.0001596766513269779
ck_ab3426435b0017d6,0.0007342175538938528
ck_fcfe06e44d09a344,0.0008974022766894657
ck_0f6d916c92189516,0.00029123676025385764
ck_d4c8f0d957c3965d,0.0007625576109678853
ck_2ca83dbd728af019,0.00018423053578327098
ck_2857a4ce9f72fbfa,0.00016490967357153582
ck_a60e6edc48e3d0ac,0.026915818481955123
ck_0cbd3b27063d4415,0.005436261677746827
ck_612089ec90c37219,0.00042652794667879585
ck_ec4e597f17f473c6,0.0007149073552015307
ck_1c93cc58f314bf71,0.000244282359461107
ck_2b359a979520276e,0.0006712347076574365
ck_1496568ddc3b2d56,0.6950797897766952
ck_41d91dc9f5063566,0.0017717682334299184
ck_4c5ff58afe3d7a67,0.0001877549960593694
ck_81709736281fa3eb,0.00013288108308481442
ck_d89abbab3d4957aa,8.175471304220378e-05
ck_52453401f88935da,0.0004552506804504751
ck_a477654d34783e06,0.0008558302891213778
ck_72dd0dbdf808cb00,0.001718084264005956
ck_c183dff3781746cb,0.010709814668276042
ck_c8b7f241810b45e5,0.00024052853888329988
ck_f88028c3f306bc70,0.0015557280720246212
ck_91d48d69e4f5d9c2,0.0001666517176047807
ck_b74b9ba6d7c9aab7,0.013632180913827549
ck_03e904682dc73bba,0.0002221179112648855
ck_fc6fed6ea96a004a,0.00025547678716986974
ck_51efdd240e34c642,0.0026762288489568286
ck_e78ab4ff52b5fd2d,0.00022542861128054163
ck_4af7b97c24d89a45,0.0023724443201429404
ck_295c0072eca7f7a2,0.0001257513288976175
ck_8abd1a50a9227463,0.006651096498062966
ck_ecaa6f13304e3dc5,0.0003452668732868025
ck_de436e7b319be1fa,0.998997415976859
ck_c802cf8f61466027,0.00038025728493619573
ck_3d83e0a3c1cfbf8b,0.00102307942650565
ck_28d2003c2d16e4b6,4.883255000234382e-05
ck_8ddaf745bbb9cd62,5.674472022990189e-05
ck_493b6256091014cd,0.7702782216979932
ck_a2245822cfea997d,0.0004573831912652597
ck_f7305b3c64cf8a03,0.0006448113751087605
ck_9937dad93a0ed3c1,0.004448551329787295
ck_d654449f9231ad76,9.73275933283047e-05
ck_850e2b59bc535490,0.001049115213472875
ck_e55e5bdfc0242aef,0.00411972141454423
ck_d35c51e981b98c5c,0.0002753203484938135
ck_27cdf9c5e6f0915b,0.0006843719357061425
ck_d328db1e1052d820,0.0012074467458283028
ck_0ea30eff5f361cba,0.022943603724630418
ck_9994323f97109f4b,0.9986399139090139
ck_09054e97bdf9624e,8.195234783248928e-05
ck_723b4afc388113c8,0.0008753214730234688
ck_588f6e6a6a6d93e8,0.0003790881628736399
ck_e1d563fab4d6116a,0.0009695502790259003
ck_53aca610e20598bc,0.0005377053699154567
ck_c8131ddc7ed33448,7.975991552698942e-05
ck_899f88464305824a,0.0005805727332017117
ck_1c17c65804f8889e,6.17470639538605e-05
ck_45a16ce12893cf9b,0.0001976788029332813
ck_f9d481aa4f9b2808,0.7656926574917248
ck_1d5d74169cf892ef,0.001434730025842277
ck_aba32acb61c1aaca,0.0024544427999523464
ck_ec4dd3675a8d28cc,0.00026126372434516335
ck_5dcd443fe0bbdeac,0.0006899358764099796
ck_3a47e3f54475e854,7.14279586432e-06
ck_a9aa5c344c315532,0.0009227419963713093
ck_9652283c9f61fcec,0.0001366284870591005
ck_752dd3d2487f78ea,0.00016335890644427652
ck_a821980ac4db9943,0.018471059032981543
ck_93e0d6befb67f7a1,0.0007587543542135053
ck_e7a3881c3e36bd51,0.5495140531771149
ck_12631b78f8a03df2,1.5334400712420974e-05
ck_57b8226610b48854,0.001171469639401147
ck_352657008983fd4b,0.0019641414254961925
ck_0841a5c24fd3dd28,0.0005654982287041927
ck_db9b9d5d30f74070,0.2728575812329389
ck_a9dded7f6294e44f,0.0008704459312113449
ck_91a16336ce3217dc,0.0015958261896513212
ck_371bd9388b287677,0.0001583463144681168
ck_f285e5e1912a7c62,0.0004274337190480762
ck_368b65fca69fc415,0.003324651243141586
ck_d27a73596b6500c2,0.00065103500005685
ck_2d963f9b2c4d11e1,0.000773311719037661
ck_7c500e219af39486,0.001652103724325549
ck_7d025dea5951cba7,0.00012592863601151294
ck_32f632706608859e,0.0003376891041233928
ck_53816231f3ffb48d,0.0005644769114596731
ck_9dbe184e81c1ca8d,0.007963663422181374
ck_d74123617f22a21e,0.0017643132311082831
ck_275386782b1606f8,0.00011479559187315093
ck_0b0e79d33e50cba5,0.001013464813140743
ck_ba93cb604f792915,0.0012989532898463386
ck_a86cd653472eccbc,0.0001330428478446712
ck_87771861e0447210,0.007345953515493907
ck_212380e0371d8a6d,0.00025269893723768686
ck_ef0d702d7b0ed745,0.000247291048836126
ck_2b8f33e22f939372,0.5395246580815758
ck_480347ad92037105,0.0010216374830590055
ck_20124c3a16c53ce4,0.0002452274543710292
ck_c9e1e3229baae708,0.0005194386222614006
ck_b1befe967f7a5ebf,0.0015921010561618393
ck_4672167d7c989bbf,0.003407472696343812
ck_f0c44ee5e3a42e3d,0.0002080777753863154
ck_c416357d20238a4e,0.008469254703484792
ck_d0f470f8078c91df,0.00015455734851847275
ck_3a70b4ee59084715,0.0006596662401118628
ck_179ed66cdfc1ce27,0.0005158957513807374
ck_387e5a7f163c7837,0.0016228579946600881
ck_08fb463e69f647c8,0.9995916119521734
ck_732f725747393ec8,0.0004251858840378632
ck_7cc5e0fa3ca5a713,0.0030221892989196674
ck_ad4a4daa826ac68b,0.00016622342576852022
ck_472e0be7a3b533bb,0.020508950320477226
ck_7190177963eafdd9,0.00016454232409856667
ck_647ac26c5900f082,0.00010057439318234766
ck_272ae2179bbd8e58,0.00014158457529166098
ck_09b0d8af304646bd,6.903850566767382e-05
ck_ca0cc8ea9f344408,0.0008321587040701061
ck_332ad134fb909869,0.0005223877272930754
ck_fca2798914627dc8,0.004091227957610315
ck_4450b55f462ae134,2.599600374460609e-05
ck_d67d9dfb60b286b9,0.0005582619004860072
ck_a9d2bb4f2bde7052,9.59810408279793e-05
ck_929bcae878a3ecb3,0.44710268169834266
ck_59a9e000fa275e1f,0.00028088969878397815
ck_57f17254e2688637,0.00046540609674088567
ck_0508908697f60ce3,0.010646260518249984
ck_946afc2943298d26,0.00020809056487420212
ck_7176d12b18f2cc0e,0.0005586973850853086
ck_5c47b49c26cce286,0.012188672698313804
ck_b6a2bdb2d335e1d0,0.9993700968056036
ck_1d58f6caaa4d012c,0.0003140706236532782
ck_71c917295020ccc7,0.00024131795303499007
ck_bc89644ae3688995,7.637029855465013e-05
ck_e7c212f16d6df272,0.0004834136409945883
ck_c6d2e11a368184e6,5.707165310400358e-05
ck_eed7f1f7548df15b,0.002099537886632024
ck_75b69034000ca7bb,0.00045893299565235484
ck_38da3bf629458682,0.00013546000952868972
ck_90114c891239d821,0.0005497210832514121
ck_8ee08f6777cc155b,9.345283046605673e-05
ck_bd86132499defcd0,0.00011596854020061316
ck_b95fbf2b5640aa82,0.00015039775256218803
ck_c530235393360e3b,0.00030219159426798394
ck_be52a7ec43241ba4,0.0034629356186127143
ck_d96eb3cc55f2772f,0.002753301080746568
ck_dd34f0a844fb115d,0.05302244992420953
ck_17cc7b411f448e66,0.0011051363529357022
ck_856ea65fa27d06dd,0.0011995167889950846
ck_056d5f0301c30902,0.0020616363976436853
ck_e662b14b2bab23a2,0.0014134406010858787
ck_209f574c8d92274e,0.00020964753262752833
ck_62720b81617896cc,0.00011585266422373297
ck_041614694b77e599,0.00014152503647152457
ck_461e3f7b97db8d16,0.0018934549083589425
ck_1b74b798eebeabdc,0.0006344237732901646
ck_0ed2739384f1d644,0.00018124762403186166
ck_5a4d19f1b83feeb8,6.345794225994586e-05
ck_463937167965a1f8,0.00032504942235704663
ck_9d7151dbdf100e0e,0.0014131713298380032
ck_20a7d1ce6cc27312,8.593211934444698e-05
ck_6031211ff118cf0f,8.877427468814544e-05
ck_a6fc92aa91e99b77,0.8426095584285045
ck_0aaaa9d2f75a0518,0.010480427160869301
ck_ec26e327cc1848b2,0.0004300471130062859
ck_0e6bebf8ae9b9b03,0.0002296395735182497
ck_e107537a4cb738f4,1.4684217632251305e-05
ck_e8ea56e122a5a487,0.004299678750420347
ck_98149ed45d38c4d3,0.0017912588741781418
ck_0e719b3a6906b8f1,0.00011268044507602752
ck_0c6e7bd357e4a348,0.00018158418506412268
ck_d3b2b250da61db19,0.9930493550970642
ck_8bb6b0a292754576,0.010117948818606065
ck_87d70f5fe48a6128,0.0014573394208763717
ck_ea9edf9c107d429f,0.004353621505121366
ck_059806c52cebe4f1,0.011015108738395235
ck_a72d6df666e1c21c,0.0009622318684259131
ck_1d2b80ab6c4944b9,0.00015630398938315607
ck_60557f077abc42ca,0.010752196399144378
ck_e5f5cb7dd6ce4a37,0.003492559822480438
ck_4c4a939154446053,0.0004307428314368518
ck_50ede3eb561a202c,0.0005616315809383084
ck_6d03a542922b2ae8,0.000827667988990141
ck_d6fe761ed0db3270,0.00038294736866403476
ck_7f0cd6ea3096f985,0.00045778273999751384
ck_23edb6d938a3b87b,0.00043829820501040237
ck_799aaf9f2b9ef621,0.00019675728396418608
ck_f8f6a03613b6dda8,0.00011007215316337139
ck_7cffb189f4f514ec,0.9974988908935977
ck_c081e1967dcd811f,0.0010993695342132537
ck_583d6ca78c97d91e,0.1281051839320756
ck_9332bbc7125219a7,0.0001440815980339267
ck_956b5af6d7d86c65,0.9940851906823625
ck_2d634e3f24681c0f,0.0015299391585133358
ck_7b35d218ed0c5a60,0.00017734289555178741
ck_ca5b1057f8248f73,0.0005975169316095033
ck_ec5ea81cf813597c,0.0004020697377304835
ck_eaebaf4d28400fb8,0.0012154332494307327
ck_ae2ab6be219219aa,0.0001742387133444274
ck_d99a8b4c820eb46b,0.0027577136307999654
ck_bcfb7ffb7cd428bd,0.0008412711374754271
ck_3dd542c2d31be2c0,0.0001662998870004554
ck_c7dd84401e29a7fc,0.0004720369222879849
ck_c4bcc7cefd40f8e2,0.00034825922772451043
ck_c251898b5d51e3b0,0.0002525573149265136
ck_36d37be780c1291c,8.923613589723214e-05
ck_99b4f266b61ae7ee,0.0011819864484710393
ck_c37f03995f0f0169,0.0005603104835612187
ck_65a23ac8e44eb901,0.0006933404928203413
ck_644b1c1149eea9e0,0.0009553678162194893
ck_9cf44eb0237c2429,0.001045029016888815
ck_20541686a94fb71c,0.0005517831215501032
ck_c18245be844680f3,0.0020706626939910964
ck_56de216eda6b7fa6,0.00011342206692227085
ck_406c4442dee45cd1,0.00018430601813171024
ck_df1585c7d72a96e0,0.00018994528832860563
ck_b8e8dba20676d87b,0.00036470939887554854
ck_0ee6965e68efc177,0.0005868743358429313
ck_c2a5c54ad8d0d297,0.00029147508257588506
ck_bf6fb7e6470e95cb,7.783150634831422e-05
ck_27fa694569140345,0.0002259779656579633
ck_e04166b0ce66393a,0.0001630227025495451
ck_8742114f4f0cb22c,0.0017327831657902772
ck_6eceeafd56b42576,0.0038177143051230144
ck_34f9951b0eca1965,0.0033033684900444457
ck_384ccecd342a24ad,0.001659912615149229
ck_49c98bebd1338879,0.00040767474576250596
ck_6c26c12071c91ff6,0.00030991248634299753
ck_01e5986ebb9a78f1,0.0013947893107431463
ck_121db7ba3be29ee8,0.009145373306915446
ck_039e6d5a330cea1a,0.0017712544253696261
ck_ae8c9163cf957d7e,0.0007227416466636548
ck_3f5e8f3f1df0c8c7,0.0024804004216008564
ck_b1c51fdafcd80122,0.0004538939847560486
ck_12e2b5ebfe8986b2,8.1702273258471e-05
ck_d55eb81a4d543c59,0.000503809546140166
ck_f85155ca5c312c7b,0.014582782615923934
ck_133d8a1ac7c0e301,0.9975783594356349
ck_04212a9bb9b28696,0.9998214424691827
ck_4cc11c7d3ca61f73,0.0014649933924052267
ck_2df4854186ec515b,0.00031867392284243984
ck_aa9b28e7fc43af79,0.9713994423568503
ck_47cad6c3def4c9e4,0.0004015777772713259
ck_fbff7b5da8111567,0.00014450634744704135
ck_bd25ea782e375b22,0.0028792200861104617
ck_7989376f8cf64a9d,0.004816762835618175
ck_675c0ca1ebb1051c,3.404274279593922e-05
ck_1436f6e11d4008f9,0.0007618652378748043
ck_812cb3a4482cc618,0.00019715535061116046
ck_6e606f73a1094afd,0.012347211120506758
ck_1b708e2a4a0584dd,0.0001262096809423296
ck_a60d6b324bae0330,0.0004444946492240878
ck_706a4f673a9fda3b,0.010579330898077105
ck_a75ece9a9044eed0,0.0007160583284380877
ck_9aa45c4e03c8c57a,0.0008817690452118502
ck_9fe9bdce982b312c,0.0016270797955032956
ck_c6fbdc5ba68a8466,0.00025318594019712264
ck_ed0cc1b1c28f9511,0.0011893197204971462
ck_a4e2607b4c8021e8,0.000906192627925122
ck_e02f93f51cc8caf3,0.0014721894594682343
ck_7084ed3cf20781b7,0.002880446121528822
ck_cd4c63155570d6ea,0.00013284816336784337
ck_d1b9e5d32d2d789f,0.0022968823748983546
ck_68f56f6560a7a933,3.389030857277589e-05
ck_8bedacc6233c6269,0.00019681819563077235
ck_ab7cb50407d6b13e,0.0004749276155964448
ck_f17ed7e0fd687742,0.0029771020042269223
ck_b0fe4b92fc70f72c,0.00041223295968271536
ck_84d62b8196da2452,0.0003138848546815597
ck_9e298cae167f4693,0.00014892019920871133
ck_405b20ef9ad0ba5f,0.002900318374791361
ck_813e02e1ababd177,0.00025306767658577525
ck_f234ab47061ba7c0,0.0001279725336913653
ck_22b587c18363899a,0.0005606806445507125
ck_4e862c2f48c38aeb,0.002217904551885015
ck_b89cb90a420c9075,0.00022901847109633132
ck_be2251640f27a3c9,0.009184718223092594
ck_46bec0bff167ed3f,0.005670648440402835
ck_c0032232c2868328,0.0014660687619363001
ck_030cf09525dba4ba,0.0007084925539694788
ck_6ecf56236789fc09,0.9685130793216985
ck_38d4ed52cbe6d123,0.004106946647030657
ck_2d923d957ffd4d53,0.00019514713094721014
ck_3af1eb88728ed8c7,0.0028953500932519674
ck_2f8120ca80a1592c,0.000884882862104294
ck_6cabb1a133f0b151,0.0004629539312337473
ck_bb6cf7e7b707731d,0.9727229604497177
ck_c8307fecafa90140,0.00045321200635482306
ck_75f968be67f46d24,0.006698025509480013
ck_df6fe4ec5a233213,0.0007706610960056283
ck_b53e88c0e927d896,7.136082544404354e-05
ck_f0093064aa28f4d0,0.0009471711957614664
ck_ec9976cabc63ff92,0.00031310796928053677
ck_30dac0a58c5590cb,0.004227534175760226
ck_348a525791ae6475,0.000711624273103388
ck_b898d912d1181ef9,0.0006959485312386165
ck_f5b1200dc6f95760,0.0011711812238674423
ck_54978a073e7a0b1a,7.975650474518106e-05
ck_55933936536a4071,0.0076484488468449765
ck_d6ba7ffd2ae08863,0.00023755393223551664
ck_404e2217fd87fdd2,0.000714169447420812
ck_dfaafdaefa5716b6,0.04002690183814558
ck_556c62e92d4e7e5b,0.0013985761361159858
ck_7ce44f4e06d58111,0.006728992011510906
ck_465cb8ce232c7670,0.005827898271596034
ck_237508ca4fb37268,0.0014435027771851402
ck_ba4a6b9aa63964ef,0.0003035976722046474
ck_4802a0a7a1882c88,0.002182315514620623
ck_9478dfe4114c30f6,0.0001151996014881506
ck_5138f6c575dec64c,0.0003628215750050774
ck_aebb42afe430e2e9,7.31652173246366e-05
ck_004efa95555437e9,4.689287172659608e-05
ck_11af112667c98394,0.0005792577210524402
ck_44e9a18a8645c9d3,0.0008546307158305476
ck_2605fd571219e28d,9.181125170093064e-05
ck_dfc933493561d84f,0.0011555447598801058
ck_67674348e68d1f25,0.006038415843084939
ck_dd97429277a2fa00,0.005920363373285073
ck_d3eab7a06eb48348,0.0008031539953467524
ck_0b9fcff9667ec05a,0.000377179903641799
ck_fc4bfd6e739bddea,0.0007360278578851701
ck_43292f70a03ddf2b,0.0009057588855847211
ck_5ff6108056a3fef5,0.0017513300802794265
ck_767e0be086b5f601,0.001325850953365208
ck_b8465b1a5666155b,0.0012354855948143954
ck_ab2e3fc56f5b3aae,0.00016950481868143304
ck_1833c81d693c1e07,0.9877115339043367
ck_0308e0602b856445,0.0007522575800809398
ck_ccbdfe744acff8bb,0.0008707195012997911
ck_b294aa27a0b586d7,0.001675465246343312
ck_a3747201f377626d,0.9980192614816492
ck_edde1d7d1db24725,0.005108165946202633
ck_ae3b47d6e1063704,0.0005012741449726993
ck_3aabf5e0f4defb41,0.0013280672293304522
ck_f034adb57391f3d7,0.0013216480124656471
ck_533672fb40531607,0.009483483618643021
ck_2a244f1ae08ef83c,0.00017474494430822702
ck_a35d81bcc54ece2f,0.003211191268853505
ck_78a61215675b38f0,0.0008097098261004804
ck_e013d88ea7939616,0.0003002126910393105
ck_e5018f9418e0102e,0.0004904293887553169
ck_d4e024fcda401a31,0.000947394925662939
ck_f736cffbdb82db34,5.187476366946901e-05
ck_1507f5aa50cdf3a0,0.00024621041132754485
ck_18270fee7c8fcee8,1.5919503199084358e-05
ck_95ffa1a805a1c9d1,0.0005376939352135752
ck_11132d245b94d045,0.002029714133198906
ck_7b93a622e40d8b14,0.027750125235317315
ck_3854c08d17704347,0.022832915675155437
ck_7717fcb100dc4b5f,0.0003820730622573714
ck_ba54e0a1c328119b,0.9414954393730763
ck_a7afdac4ecbf2de4,0.005099740524274868
ck_ecfb771ed2352085,0.0002736651953540312
ck_68be4fefc85a6b64,0.02727248379594959
ck_dac7c50bd6d0148f,0.0005215001328869263
ck_87cf36a03bd63c24,0.9146405056366815
ck_8adb40b168b59d7c,0.0022537179126733155
ck_8d2f62930777416b,0.0018463468817381972
ck_9958b58da9e3c21c,0.0005834392314047707
ck_9440335375701f44,0.000384359152196424
ck_e2f88e202b6f700a,0.0002703002315903715
ck_4c7c50684827a2cf,0.00510888118668268
ck_8a6ea4a79b1c7a8e,0.00012362961224900168
ck_186dbff4b24a3bbf,0.009930182814779993
ck_220fda3c11c59b6c,0.0020191697530425384
ck_3acccc69f8b1fd14,0.00039467669016294866
ck_9de191bf79afd676,0.0006200200681800844
ck_6de6b1663f9457f4,0.0006619495132721642
ck_062754f8b79b86e5,0.0001833246455675601
ck_aa153a89a52f7eb5,0.00016529015250222465
ck_34a6bd3be642f15c,0.007314096180239196
ck_9371c700d9830326,0.00031044452293047404
ck_a99e0c258ad7576b,0.00013939592224722285
ck_0a7ba51d626e932a,0.0011285220822957749
ck_852c50bbba1ead13,0.007700122529416468
ck_43dc13b6b6d31297,0.01641634734150047
ck_7d81b59d615a6649,0.0025469431470648354
ck_39a3f1da060e88bf,0.000442902837452952
ck_6fb2d142c09ed3ed,0.00041844698912614237
ck_6e5752b87324b58c,0.0035750659806042797
ck_9441d48a12e8a4bf,0.015435705120642962
ck_09e9c51eb538b255,0.008710337223743269
ck_8d0cd981ed3a183a,0.010004113349046401
ck_57c07c45269ca8c0,2.7531922378672266e-05
ck_ccfc9ab888ba933d,0.028023539794145097
ck_9658a6ef471053f0,0.003910746490845027
ck_dac3852758f4ea89,0.00011524278834316671
ck_b1ed2278f5f14d82,0.0017940949694996197
ck_333544d173524f70,0.001352408569264352
ck_fd4582e3853ef23f,0.0015836359981360308
ck_614d936cef98db04,0.0012503283981171302
ck_6bc351a3d57aac54,0.0006795067562851591
ck_af5842fa7202ff25,0.0010537330485635092
ck_81307759252571be,7.174512521308247e-05
ck_b4d2f02d2cd45720,0.9266737358505818
ck_1bd753a4681946c8,0.9977590429371486
ck_46d8c029d46867b2,0.0007016545751278005
ck_b7da6640fa2f49cf,0.9319871076463535
ck_9ea3d5a5a91fef9f,0.003223758467851407
ck_7b922518f667f76a,0.00013889078026080485
ck_2a5b31594206eb30,0.11677231223918869
ck_d9506476ad3f9e08,0.00020806239796570153
ck_c8791f7ebd4d93c7,0.0031563928675262575
ck_b5a3e20fd210017d,0.00038584573301150046
ck_8e54386f4fe22cad,0.0012070589848932067
ck_75296704f5806f56,0.0013000233730791218
ck_0fbbc7a6af300368,0.00034848390809898486
ck_d19bf4dc0627113d,0.0002865807070589348
ck_7951bd4eb99a0175,0.0004918069499393293
ck_059e4fac6b7f704e,0.00012444717123247465
ck_2ce8931af02a2ce3,0.00018527891288659998
ck_9e665618a4860306,0.0024245648470627374
ck_6fce5a893613fd2c,7.058945749203083e-05
ck_9e3fbd04e3532f32,0.042120531810951434
ck_55f2ef0de3420e3e,0.001222373316478751
ck_8d87658a6f5d204c,0.3461347185185306
ck_6d6ac1f5dd882aa5,6.890395063762586e-05
ck_55d0c7012d7ef236,0.0020376997880330538
ck_7738eb085e5753d6,0.013300795994134154
ck_0e6e05c3cc8c8242,0.0003960963607020357
ck_8d27ff8383d48132,0.0004137605358569991
ck_9afc3bb849f3a64d,0.00014185945036379583
ck_27eb86a9898cdfe3,0.001147890404980366
ck_1d40e4fc541abe93,0.020282118025152823
ck_4fd9dc00e1913587,0.9997615987858935
ck_b26cdb2b7b165d2e,0.0005655519063225649
ck_a79a27767a02e31f,0.003760651912465466
ck_f0c18cb9f951a71e,0.00043549681903617905
ck_50460e0189de6274,0.998293505772858
ck_5e5280539257c986,0.00015344279957714698
ck_eeb854318b3a6f0a,8.088678858764344e-05
ck_943f66f28dd24750,7.44092711611661e-05
ck_984dd7452aee372d,0.033667555703828275
ck_ecaa6de0aca5e9a0,0.00048200159800992556
ck_8f1cbc432e2774f8,0.00024025132332145685
ck_d91d9f8445b9769a,0.9907646131932568
ck_73c18e03e3c7612e,0.0004060526959226745
ck_aded05ada490da20,0.0001849993563719233
ck_f744e208183971f8,5.8769866364091286e-05
ck_02d4cef6358ad3b7,0.00044886960926488194
ck_08ff5bd467226a5f,0.0002787836866680265
ck_f824b326d5089885,0.05798546001125744
ck_3420f2fd520890f3,0.00011921615146165673
ck_1838cf8d00f5b1e1,0.0003342821915120023
ck_a85182ad90b6f1e1,0.00024680677699057943
ck_fecb39c82c43e76d,0.0026590229645888598
ck_162513e73782929f,0.0032647269075839784
ck_2c27b77c59d8f23b,0.05917206724369735
ck_4221e07b17388fd3,0.005050261218883894
ck_adfb8472d5c3d669,0.0015245017970277812
ck_0742fe64055d686f,0.0011878492003960285
ck_5060aefcc8b6f958,0.00017986645883752937
ck_643f549b4ac78a26,0.03331263294099114
ck_dba767885bd6ad69,0.00021611880013740155
ck_0dda35c0c64c7073,0.9998320045728928
ck_38ea56d43afa5660,0.00011808308999810887
ck_d813e15ac91f487c,0.021873572225445993
ck_4c840e5585a7b167,0.013020620079953842
ck_cb8551453a7bb929,0.0019479835642060486
ck_05a00b1dd5a03359,0.0001755659600164043
ck_837cc7fd48453a01,8.042295952832506e-05
ck_49dd816b31fba6b6,0.2990771025485522
ck_86a61d9a39768e87,0.0005700867443457703
ck_cd0e76f0e7bb38cc,0.0010531868907751253
ck_dbe58392635133ca,0.003633026373380957
ck_3caec7dd6f8d02c9,0.0017969741776366894
ck_bfd9bfc5b6ab4a54,0.001077234808029452
ck_2103399bdb2898a6,0.00013086986841960783
ck_329f7de7279e74c5,0.00011000935760904249
ck_9bf0d28119fc42c8,0.0002375081287926142
ck_f781539b1042dc83,0.0002563147082928274
ck_9986c7d781ac6b4e,9.37917530446014e-05
ck_a627734880aca848,0.0008472623688093343
ck_2106e509d77fdb4a,0.9457260898808972
ck_420d1a9c604293ce,0.0023380244763514892
ck_fce0610c527e2b56,0.0005328515910018317
ck_073da541ec3f9d3d,0.0003080402883684551
ck_aa5f3ab48c17fed8,0.007173512310232767
ck_0fc1086e1c9e04b6,0.0001704994462843644
ck_5c33bb46c1a5945b,0.0015244424354255702
ck_500948a8d4bd8e13,0.00033711911773734373
ck_19becd44f2c3d2b5,0.0020123341054156967
ck_7d0fe77dd5ddb656,0.00203416039154961
ck_f158d9e5f101bb35,0.0006872940621789434
ck_cdd7c77823c2257f,0.001796391472744963
ck_6c7b41374f9b2e55,0.00018501908336465098
ck_417090dbffb1a63c,0.0004105585450046354
ck_dd0e17605f970319,0.00028894913579858753
ck_3646515079e6be55,0.0003276703605722605
ck_89c8b06aa8c84b2d,0.001882999157982156
ck_e4d6dedd97233c07,0.00045202203831024035
ck_bc82fb1895fddde5,0.0006523381439367429
ck_88a8b1d442ca3686,0.0009560324517720459
ck_5791f8f76a629a4f,0.002689061425931793
ck_9cf5e88e97c8c7ea,0.0003276264977727378
ck_58fd684aa5a6f289,6.203161303203326e-05
ck_9800c21dfbd8e811,0.0009628351777464081
ck_8ae64df60ab6ccda,0.0006576587678702881
ck_e535fb0f0c00418d,0.0017930856752770002
ck_48011996d54855ac,0.006007806278740023
ck_ac79c72a8fe3fdef,0.011988934191713915
ck_b8cc2df5192bc49b,0.0006266983771339985
ck_e96a5e1f08f8a867,0.00021845935676783148
ck_84df6770549e43fa,1.534463034368533e-05
ck_e5f7b99ba6ec5767,0.0010372459214176846
ck_8347455ab53ff620,0.00018045049681825824
ck_a84f2cdf695a71d6,0.00021654461610589996
ck_90456160115f9ef4,0.0002804414911449845
ck_ebd178b3f3a9c50c,0.0003029409038735527
ck_e1140be6157bacbe,0.00020203210520879783
ck_744ffc11d32b96bc,0.0008665765330429096
ck_e12a9f7d027e3387,2.6311699270489033e-05
ck_cbe525da0b69f18a,0.00024562317027720574
ck_aa59702537557ff1,0.0342866871149051
ck_0348cc6908f7f3af,0.0002594268905805136
ck_120e995d50956bee,0.007441256203001812
ck_9fcde1ff46cbbea5,5.413044278640359e-05
ck_54b0b070689c50d6,0.00015638762660777328
ck_966a167758fddfd4,0.000854537566429862
ck_d5194f2e92fd6427,0.00026120898692820287
ck_2ee84f3fa27f2cb8,2.6681903837800597e-05
ck_57d0a7eb7eae2eaf,0.0009038817849927666
ck_6a2c4edd82e10969,0.00027056464829219396
ck_96e4d38ef670eaff,0.0008381105170534012
ck_52cc2fd5095b169d,0.0004661063323455926
ck_4b088920f3a844c1,0.0013768443385559627
ck_8f3ccbd20d59f1f4,0.0008606005008707617
ck_e5e5dc431bed6f9d,0.0005630540128131886
ck_e8b5bfa6838e28d1,0.00171825801836563
ck_4bfeb78b47b7c6a1,0.006076260370014046
ck_a705c61bd679496f,0.0020957427051560285
ck_731869a0c39cb2fe,0.0003185811189515896
ck_259eb102342057ea,0.0007485590952477337
ck_47a6005fabc33551,0.000784257038500397
ck_682262b455a9edd4,0.0005338757977809388
ck_e839d104854945f0,4.44248719205692e-05
ck_761989aa4c47d746,0.0017732501439375278
ck_44211dc210139ed3,0.006453434404657246
ck_9915ceedf63a5289,0.005281390271309609
ck_da59ab47cb6284ad,0.00021569077406431643
ck_e5cdbfcca2456652,0.000309431194552827
ck_13f2560c6a1ec62f,0.001275315279209758
ck_a0543e9b3abe1001,0.05311847938630536
ck_11c7a58e09e6547b,0.0016749539977417918
ck_69587a134d43a4ad,0.008820775371361557
ck_28dc0de0ae291f37,0.002369770728396574
ck_298922703c5bbe05,0.0028540236424488786
ck_fa5ba9ed9ed6a343,0.0022837112325583093
ck_c08e64d424e56c05,0.0006884326696986685
ck_598e036a28262aeb,0.003174396333256383
ck_3f7c870510083a51,0.0020102802603481117
ck_364f8203a3e98d36,0.029221009849807456
ck_7333cedb61506ead,0.000176547277386157
ck_1d96d7fd65f208b2,0.0007656848248311565
ck_63133a79f23e2627,0.0033031660727909375
ck_901d820e0b72abae,0.0012304581386644352
ck_5dd80b3c01457bd8,0.0003498428813688809
ck_c0b8067c144ed6c1,0.0006175957052932992
ck_cebb8aa8c8f62c60,0.001230936074264301
ck_79749eca42ff1f5f,0.0005533373927968544
ck_2cc1d9b587f6da31,0.034760321921732756
ck_ccc7916b56d42195,9.710217271369454e-05
ck_e43e53cc7b8b8e41,0.007832786814851328
ck_4ab74a6e7450416c,0.0033342018332132503
ck_6e44024e9de301c6,0.0003492641248845184
ck_dd78cb6ae2866cc6,0.0009817147632846684
ck_c363d3b050baf3b8,0.003391106692002622
ck_2d46291975f0dd08,0.0003044658989445804
ck_76ebeb5aee42f041,0.000559404717213769
ck_8395f004cf4d4c08,8.712079348979856e-05
ck_de7259c3741db179,0.0009605711043057079
ck_3938e92585df2b34,0.00018174481681638798
ck_af69bfcf4f07d932,0.0003599821179807924
ck_1723900ab9afe374,0.0034241707961875922
ck_3d58628d1c853c8a,0.004222829122518853
ck_12a074db100481cf,0.10447361670886168
ck_8716cbf892c50e29,0.00026959614487417503
ck_fbf7351958ad9615,0.00012457849824475006
ck_a50370907e6b397c,0.0017074728753254762
ck_937402a60df0821c,0.0002594861807424328
ck_8ce9c5807acbef48,0.00011195445137382751
ck_acf7d65eaaa4c31c,0.00014210032060905334
ck_ec3eb6dd0967cac5,0.0004044452738592278
ck_fc832b0c90c9bdb9,0.6118810883966531
ck_8129e81cde280131,0.000230464146333394
ck_52c0ef68aa2fb8cf,0.000272913567703798
ck_06f042e9b1b662fd,0.0031301817481514498
ck_0bf35dcf7b38f650,0.0007342991744302277
ck_615763afc2e17a7f,0.0002068262135288951
ck_e72db9d4b2fc9997,0.9987087462937139
ck_13757bf0eeb353e2,0.0002308771765161869
ck_abaf371ec8249c4a,0.006242185297502303
ck_9b7167da0920c37b,0.0011160671357997476
ck_2e824b0b27494a17,0.0027014187463136373
ck_9a0b605e9c3220c4,0.0005447752400043099
ck_a5276af466b681de,2.0618234337593348e-05
ck_9e0383e1fb6e214d,0.09783274018922508
ck_6a27c44b691dbfac,0.00029915992369787374
ck_af39767cf583905b,0.0005796841848483991
ck_243b1b9fdd3f9a74,0.00012451147449384423
ck_c0422e638a9c6046,0.00045707263125806756
ck_e0f3ea3373dfc4aa,0.0008900493689897558
ck_d56ee1654378ffc7,0.0005027133707469736
ck_20cd2f5666719baa,0.00021340366286938268
ck_4dfa1c1e9b69fcc8,8.511897554663553e-05
ck_5d22e9ca1d15180b,0.46886160348286177
ck_f4a7ac178fd55f0e,0.00017763963765187263
ck_fd5609bd23a1eaf8,0.00019038417134817362
ck_49c3bf13dc9471ce,0.0004796107689723372
ck_724085c3452d4693,0.03611532661602812
ck_e5d1462846154a75,0.0023960049436573304
ck_c69ef0f3e7d6acf9,0.0032925339001269225
ck_a2d0417791d4132d,0.00011070028163469032
ck_00a07fc2a9183c3a,0.0004931585363632577
ck_781b8288e54ba8f8,0.009415546574451313
ck_d74a62ab3804a81b,0.00010029660036633696
ck_abcbde211b6267f8,0.14061639135231846
ck_16dbafc035574654,0.00023254268118999034
ck_018f780215ecaf38,0.0029113328057190357
ck_0b259620eac51618,0.00037935111559932427
ck_4f875342394c110f,0.00044367145149940186
ck_399e45e5fe9beaee,0.005150299801432475
ck_36224a2d394ebfe4,0.001887437596484422
ck_c189b551bd111332,0.00040144257987389305
ck_125c5a720ecb177a,0.0036429464832093946
ck_76d010aa02eb477a,3.716658552020158e-05
ck_1071d14c46c92379,0.5628348452405991
ck_61d244b2cde483af,0.0005898355797861048
ck_2ff1860da2004c84,0.00019358440795654445
ck_c5b583490198672d,0.00024980924021518485
ck_1294f7af22fade11,0.012817897607266019
ck_e3a22799716df39d,0.00745417543030253
ck_c77e22834ef97005,0.4006151082351027
ck_73d3689728270a2b,0.0006525849537270438
ck_295565fbf77ef885,0.0009748096880985494
ck_80c0a7f54ff4895d,9.027491993076158e-05
ck_f1ef5cf7f10b16c8,0.0008616875602469453
ck_a958b2461ffc21a2,0.01344228414385953
ck_0e7899a57cd617d6,0.0001244393439758406
ck_9d4fed252718f58a,0.0004138514051709786
ck_83c2c34add971d76,0.0002739805164278436
ck_9ccc030ba2de9fb2,0.000661881508396381
ck_cd691e3466fb3742,0.008424907602887548
ck_49df70f908dfd069,0.0038331742225326177
ck_362ce13eec1e33a0,0.0006361274938040159
ck_2452a30397dfc54c,0.00045999677988084583
ck_a443d49c2b4863b0,0.000104666987537004
ck_c8b2e2cb349dd0ff,0.003572188489275359
ck_354909fecf5da8cf,0.0008579167792682342
ck_841f598bbd54c83f,0.0017289324930638897
ck_cd6fbd4e8724f994,0.0003527059336298928
ck_e0b3158111370118,0.0006982678396268775
ck_4c2f2eb657c2c60e,0.000543478273629357
ck_ef346071f0b7654b,0.0006507710996168658
ck_f3bc10e3decefce4,0.0013714787940845101
ck_189b6fbe9b9192e7,0.0005599424969525308
ck_5245cbc5ff4d4fa6,0.00022367479867696762
ck_cb42e3be6fe87f60,0.0012911562150531043
ck_966d4d713cbc7792,0.0001703132732963029
ck_1c8c969667cbaab2,0.9708366984435866
ck_d35e3aa9ef5d405e,0.006729853416347943
ck_a1c39df50a5873b3,0.0005541798393641288
ck_a152165caf295b51,0.0005496400116826252
ck_891eaedae139828e,0.0001496002820997137
ck_1a46b56f4734d52e,0.0028042680120829817
ck_5e36042cfad96c99,0.12641138230186258
ck_02a8582c2603e675,0.0004315374520665983
ck_6def9d0429e4ed4b,0.0015113149636292182
ck_e137400825a1e3e6,0.00017070535305993857
ck_d91ab840848a54fc,9.929874772486793e-05
ck_becb6e1c608e0078,0.001015396067574857
ck_6fd8c86ac719d7eb,0.08465152306957457
ck_3ed4d13f12fd9d0e,0.007464619076788028
ck_007337aa99a4891e,0.00018368076964464058
ck_60c3d8306527a08d,0.00063604903062484
ck_95458880a54df0b1,0.08488649945903155
ck_b48cd8593533fc1d,0.5708917638743891
ck_021c6a4a7e3f1f0e,0.0010555787935980173
ck_764d40f865e710af,0.00010749424963707029
ck_4b84357ae8ec7777,0.0013587511543572625
ck_3397c7856b4669a5,0.0004169743797901259
ck_920bb003b42e6310,0.00014378457884649953
ck_8f59f11b512d5b7c,0.0045303822452370905
ck_a3acf4b986afa98b,0.10549908457273424
ck_e89d25ed7bdeeaea,0.0034185235034337007
ck_70e6bca473bf6902,5.858995231654303e-05
ck_186161ce152836f5,1.5855309942570886e-05
ck_9191579254663f5d,0.0008003226017271135
ck_1e6628879e9d653c,0.0002536191418792911
ck_b498fa91a0776ff6,0.2446115529101792
ck_cfc2384f22954830,0.0064825900938844105
ck_17673a1c2867888a,4.556973423231055e-05
ck_523dce06515b072d,0.00017864721318398342
ck_c20638a325ead2e4,0.0008127656951423321
ck_d3877e1f907cc148,0.0014803454205470148
ck_e9a2495dea8675e2,0.0004026646040202783
ck_7e561caa5fa1f3f1,0.0003520706859399661
ck_455672e652fe1abc,0.9844979013013189
ck_7f8f864fcc90ca82,0.00039417712611941705
ck_1ad36046aaeb816c,0.00012124903863213634
ck_de056e37c82e8e00,0.0006382239556984469
ck_7484c214c889fe7f,0.0008409774591300598
ck_32430e678c4f9f53,0.00014053081943159637
ck_6276ece8f80ea799,0.000672044044100565
ck_ae8e5dc4b725bc25,0.0003400651823438362
ck_f01be92dc78a2dc7,0.0006134271575403161
ck_233397a8bd40d38d,6.0532867971385936e-05
ck_f8124911450fdf31,0.9922977735741101
ck_aa0a3179f1111674,0.00022616978267838952
ck_2366b29ed9887a5e,0.0004484975771038707
ck_1f22f04dfc08cf27,0.0001001402590784289
ck_b62276c3426d680c,0.00028459547409473895
ck_d099fca88691f66f,0.005949023860821188
ck_166bd1dcbaf4d6fa,0.00014987066923976205
ck_7b1660e942436e12,0.00039584514142341955
ck_4a9a791a1d409a3d,0.0011785511852671648
ck_b003e5b54df65db4,0.00046074613245942786
ck_64b4dcbf436f0b75,0.00024743897245083725
ck_26e9a7bb2061a58e,0.7936483188112795
ck_08b77ad5f8f73007,0.0001595736733410256
ck_366616a725afc6bd,0.005535021231832014
ck_934fb5064b6eefe2,9.376762818282688e-05
ck_c6abd5d57b1009d2,0.00029534742412337846
ck_edcfa9e1cf29d813,0.001737839489349546
ck_c30201ebd003fdc7,0.00011549085279526296
ck_c54643d94d3ce355,0.001181818625287425
ck_02adda6e91e49650,0.0012957693781919949
ck_5b73d7c5255e58a3,0.031055351459337
ck_129ffae92dc01408,0.0002912379058171757
ck_fa321945ebedb916,0.0005583441391302972
ck_8da980cb2e1e2bfb,0.005458094247403879
ck_0576b00d728bdf19,0.00038907226904413475
ck_c543d82e22b3c8a5,0.000520470335762207
ck_0027ba644f9ae2cd,0.00887547439934126
ck_8dbf61df902a6bbc,0.00038541873058754375
ck_90eeca1cda79fd41,0.0002107673432315762
ck_86d7127391d4e01f,0.00032969617280814435
ck_73762038c7ff2f6f,7.118819447320356e-05
ck_a1484e6215fac651,0.9893228664602489
ck_cb83b9f806e90dc6,0.01238900383249666
ck_8c6f059c95872126,0.000260194728734754
ck_3174419a81e7caf2,0.0006034774103848669
ck_6a0f8f8fa4a3c2bc,0.0006013385464625039
ck_b5777605668bfca1,0.0011807050246207987
ck_27e4de495abb4d15,0.008396387234899773
ck_7f6fa79c7a107161,0.00031435284606157546
ck_c36ed9f8e6792ea4,0.0002618765521414689
ck_67a1aa88d2ea554a,0.0016111752922155658
ck_09748dfe4df3d540,0.0005396208350857431
ck_27fd85b1e38b675a,0.0012166888091942006
ck_2369689bd795ee10,7.872795584238715e-05
ck_4eb1c12f7d092bac,8.885523391335299e-05
ck_01fbafc42c8e33f5,0.00014010177325391183
ck_93c4e05699b3b7d0,9.300397321684425e-05
ck_afc484d1b6907983,1.0693697348458015e-05
ck_1b2d9cae92a1aab1,0.007589913268240186
ck_73b729cb161487f2,0.00013910803624093293
ck_fe3c1d0ac090d960,0.004681025091967463
ck_408efac1d3885ff8,0.0027815339121312235
ck_ccb4dd9d0a48a76e,7.296743605805138e-05
ck_2987eab34ca7805d,0.004710114887019423
ck_1dbf1f15193197db,0.0011053245872149687
ck_4ed711fe4053e74d,0.004447236190484311
ck_6c54adce174f45f4,0.00016670878598153404
ck_a6c740041faf0bd5,2.2048542183032763e-05
ck_b05c4d33c4f43639,0.001932698792824292
ck_032880f1114dd51c,0.0014647429794676034
ck_22311b037456a76e,0.0002778582758653029
ck_5866b413549765bf,0.0003996861473283586
ck_0e808afe2570ecac,0.0010347276647434845
ck_634276b05f4381f8,0.0013657734105838465
ck_5d8773badd0d4740,0.00024379883396212628
ck_82b5b79ce3517102,0.9918969301749685
ck_b378b8d8100ee4b1,0.00020404067779366538
ck_54e581f71be5430d,0.00017636241585533915
ck_798ba4b8aa544fea,0.00033272666042549287
ck_3fe86b6331ff95e3,0.046027483622457385
ck_81275d9d4c559e6f,0.00012411752797742448
ck_99a4e5ef02d89493,0.0014429506285919922
ck_54e2eb018d947790,0.00010689953684049466
ck_966901ea9c77cc02,0.00012352400992796906
ck_27d69ff4e0cb428c,0.008127303098874014
ck_2cee2dd7bbfc09a0,0.947524851040024
ck_4136b00924695ab4,3.566742390990489e-05
ck_59a164c40c03a45f,0.00011654666609381931
ck_3e24b026bc66789b,0.00014665356526440755
ck_8105bcf69a75ee47,0.00013056594653552668
ck_7a1782cefe26a456,0.03851436734007039
ck_970c7dc195161272,5.974889317758225e-05
ck_a48ec0c00ae20e82,0.0010419985710194706
ck_54b374ade34e1dc1,0.00046022904557273345
ck_74e5dec189761d14,0.0004448702244194228
ck_4717f24f2c6f40e1,0.0006078275162672673
ck_fc8cd8a8209e802d,0.00017395555728078277
ck_71db4131d7efe218,0.005802776025856228
ck_45424ea6f0bc4650,0.09513685384106378
ck_3716c6181a5035bc,0.0039245655967197176
ck_26de14b96bdad4f6,9.791808901679604e-05
ck_99c0a41ac9c73857,0.0011495641097461818
ck_645f15bbbcff3b4f,0.9930701780009045
ck_b7e25ddd41514d4c,0.000584379291706739
ck_d5c14e877ca7b755,0.00790204015198315
ck_05ea4440dac6cfad,0.0011195601577452458
ck_c58bafff7b1955cc,0.0012210307570721904
ck_f0cf85b67a9b840f,0.0006113070527186965
ck_ce1500a7f0d03fba,0.00019709648159812768
ck_d4972a775aadbbc8,0.00019308220627720958
ck_3eb6146c262e0fc3,0.00021115281908456988
ck_afb23858a4ef42ed,0.999463617325355
ck_2c1def5c91c52a5b,0.9016731662248778
ck_72e550559487b919,8.973386367881471e-05
ck_0284dc2b4f856b3a,0.017917328503932996
ck_03be334935e999a2,0.014277828762426184
ck_e35a4b4a3cb4cedf,0.00017042354718241044
ck_5abe57dfff4b735c,0.002763291343104591
ck_f5f87f772388efa0,0.0010309085788562503
ck_5a22cb36d612236e,0.0007171232772578522
ck_8ff1e6028e764472,0.9518063738409979
ck_2ab28149b0986642,0.5802261895780549
ck_c88fc1bac79fa6d3,0.004398966578122745
ck_5b137d74bba6b1b4,0.00014856738833477244
ck_11f362dca2dfaf5a,0.00035308133553696214
ck_7f960541e5174565,0.0008744299963856946
ck_d5458ba39ae94498,0.000418356764183844
ck_0a921a73a90c2e39,0.0011379794790889952
ck_6ad56ef40086dbe4,1.0156579208345114e-05
ck_b68199ecccf2350c,0.00011354349131704954
ck_6dac66c8198c07d8,0.00028705580696212986
ck_9b9ce7bebc235fe8,0.0025986914040469376
ck_6b817117d87063a8,0.00022627330253874862
ck_900d62b3184378c7,6.038468697713095e-05
ck_eafe9b89857149b5,0.00026054259408232646
ck_e74716a525ee5b24,0.00012499171931610966
ck_4e9a6f06ab134102,0.00026774342332439683
ck_b0d33b5a3716661d,0.0007536351139078886
ck_8703543bf3134306,0.0005392509712193127
ck_923d6a0f83accef1,0.00028550823339724204
ck_52e37e2170532e2a,0.025479182076408303
ck_c1c5ea839c58958a,0.0014030658316534382
ck_660f0006780e87e7,0.006031778133241716
ck_830b2c5d1818ac07,0.00038436597392767214
ck_b080ff636932d1f1,6.818618287627528e-05
ck_38730aace405f2ae,0.9999144945054713
ck_9790138467a06223,0.00025412228003478406
ck_10de0b0d86b17839,0.001928430511985072
ck_c3e37a4d3382c32e,0.0006817711050882332
ck_dd8edfefa1eba531,0.00018754505963251855
ck_8153cdadd300d234,7.031262826876453e-05
ck_74d0e7c2c6b63d36,0.8016546059759964
ck_c478aae3031bb328,0.0015194349368928398
ck_cf301f2194975866,0.00038136781788010996
ck_f4de03f44e3a5bd5,0.001440722053127339
ck_b06ce826e593b210,0.0006471188445401992
ck_2fc70b6baf6a0e26,0.000683245857022785
ck_d208494cf5c90047,0.0010672899530767418
ck_086d29ccae565e5d,0.0004088922294137098
ck_d5ef6dc116dee408,0.00011277143118734915
ck_fdf0c5b722d83464,7.353203101249273e-05
ck_de8494b13adeffb5,0.0017471866337841042
ck_556786868599143b,0.0038562901799523374
ck_4940e78cbdcfecf3,7.613881840351172e-05
ck_d32fbbfe32c00416,0.00029501868414145944
ck_bc7710f7e9fae649,0.0004173735141687943
ck_416f7ac57da081a3,0.00024360154629169745
ck_6fb39b60c67d5475,0.0005465435616786899
ck_e40a156511345d6a,0.00016690137710134275
ck_49ab879b5aa7fccd,0.004923271760409043
ck_bb643194d1cbc47c,0.9997280480170485
ck_b3ce8f1bcedfa043,0.00045323512573831724
ck_558ebde8c29132a4,0.001688543800361169
ck_e6222925762273b8,0.0015445627804925835
ck_bd80546b4807dd59,0.04958921080752152
ck_bd21164bd2bbb635,0.0017839099535577386
ck_ea835557d7043667,0.0009045391773686723
ck_1411a80a157ff39c,0.0003601166584854413
ck_ab973888c20c9120,0.00775062505375366
ck_95b48972061abe82,5.029992692715587e-05
ck_fc4a43f8876bf10f,0.00121055614805114
ck_f34fb7ccf82f41e5,0.00018986979998649
ck_5af9934a56801ac0,0.00010579465874675378
ck_fc7445ec76389a58,0.8856071777737504
ck_1eeacc26f02fbba4,0.0005438776371397446
ck_4f325dd15c9bd45c,0.0027294582961090723
ck_5009a6c8bbaf15ba,0.0041996952840064345
ck_0f3de7f074bb33af,0.00225473392604068
ck_2cbc2f93a32eede8,0.00040034349523236575
ck_4bb90a61c21a303b,0.00019704962368859554
ck_3ade9eac7d7b0dbf,0.026149121445313707
ck_4859a58629622915,0.0011358354061975775
ck_5fed957287ebca03,0.00015406535576763407
ck_ec01ae5351500355,0.0003922552973630169
ck_703b41624ae6a5b6,0.0002897638420062658
ck_97c38e7f61c27e47,0.0010217084321484532
ck_db2c0908150cb2cc,0.001640864860691392
ck_64ac5e6fed86ab60,0.9946734794051938
ck_da1c853b0a061e83,0.00018557696996527627
ck_9a36916b60178ded,0.3971517382769473
ck_3715bfa7fed2c675,0.0021650491172446554
ck_dd3feb77d7d4f6d3,0.00022256445577144494
ck_982ebb24174a4ade,0.00037584057657341266
ck_f6b7a10d47dd9a1f,0.0004481170762652807
ck_1f56fe99f250cdf4,0.0005080408144379795
ck_deb3ac0606d6f6db,0.0003783098588838014
ck_e666629e5a41b39b,0.00014416827838782865
ck_756d2c13d02b3e09,0.0008929951676741689
ck_7bc752ae7cf5d55f,0.00010398635404266601
ck_fc0cc4b25e6a8194,0.00011940114476039598
ck_9b2b0e286de78a1b,0.00047602559983888216
ck_24b0803447211bf3,0.0007321427631583012
ck_82eed68d05a42128,0.0034018842046567967
ck_c8a03c516ed5b05c,0.003118002723617979
ck_e914974cee1bccb1,0.017589365769014334
ck_0c533ff2d0f9962a,0.0013190995081680643
ck_c12805fa5d970a83,0.0019876485479183212
ck_fc2cb29918631f10,0.004079399690089849
ck_c20e89afe575549b,0.001033972020917111
ck_e1ff9e31becc27ae,0.0023595931687963993
ck_18116d0ac08f1996,0.630755133018962
ck_885a83975cea5e64,0.0007016545048221537
ck_a0c3059a959ba5d1,0.0006683585184229815
ck_75257ca7d7da2861,0.0013395593846332904
ck_2210f7a0d13bdbef,0.0009793513998739116
ck_9cbd9ecf8374f65f,0.00011784832963217677
ck_18f67c00ba21fbde,0.0001739884140736956
ck_2d28f14d3973d8fb,0.00032066377597907614
ck_8b3401b44aaae728,0.0007935343397454733
ck_9d8e9ef37797d3af,0.4543583172126935
ck_9f50920c894f64e1,0.0001471819734075394
ck_4737e0d56c6fa0a1,0.0017532316979901492
ck_52c311f29ca3aca9,7.463799578459791e-05
ck_6a4981bc721df37a,0.00045758654160002
ck_823539d936c55fc6,0.0001028455723578575
ck_df5aedb4118020bf,0.9709206075273793
ck_a911a066ff0f7b56,0.005499944625965401
ck_684609767df4a14b,0.0021381661968688016
ck_f2350bf355dc919e,0.001892252532141692
ck_8452b6cf97c65a5e,0.0001453831610514125
ck_084cd84501012218,0.4205427858935149
ck_ace6b72e5bf3e93b,0.1742787618669998
ck_2afdd69094c955c5,0.004202215016884502
ck_fa7d5be26bf7b31c,0.024024519610536133
ck_4b041217690fca2f,0.0006626739633388734
ck_9fb8e3d38cdf276d,0.9315220739722173
ck_c1ee56d65a42f59f,0.009577567914207146
ck_fdeaa1cd085691f0,0.0031072872946785223
ck_5de33a7a87e9aa62,0.0008670713474025718
ck_7476e7fe1ff45545,0.0005834262781956392
ck_b0a947b498e47018,0.00030421185780185443
ck_e3894ed88a7977e4,0.0006380567436741531
ck_c7e07ebfb0bc15f6,0.004056494921903753
ck_3a3daa8b376f2a18,0.0002065172659686124
ck_87809324c2675b0a,0.0007022325413654466
ck_7eb4f33260f1dcd4,0.0003197375176381331
ck_ab9f0e08af030060,0.0003740828181992634
ck_5b8fc4a76f340797,0.002422627650674106
ck_0e7bf10ef49aa818,0.006465485993845698
ck_a44462a3853ac67e,0.9993399350958448
ck_2d14bcd2e0fc043d,4.9921971637393595e-05
ck_df1f2dba802296be,0.9931829221570888
ck_466a7316eaf149b1,0.0005186252879452969
ck_50df50af592b0c06,7.565188062409037e-05
ck_5f9e34c849704b95,0.0005090696140688149
ck_7836bf6def26aa87,0.008236201099451845
ck_ba175b1bd8efaabf,0.0006359184975391766
ck_1a0aac7f7b94b1be,0.02092510096175388
ck_6768c4b2aa8ce586,0.0020750212090462523
ck_eefcf0ed15897898,0.0004980470671114817
ck_7a6cb27e390b6ceb,0.00013501352429450025
ck_5275be4e1577c1c7,0.0009511265871521996
ck_6bc0e5b8c0b7d2bd,0.00027261852386493117
ck_4874bdec79f9106c,0.0009366953643406634
ck_a678731156ad7bd2,0.00582623853693664
ck_db906debc36a5d1e,0.0009643124233236512
ck_e87897767c612942,0.0008609836799987573
ck_45ed5ee496ef8a67,0.00034186935739687855
ck_ae20e28f9854f3ee,0.0012947879327801907
ck_9ee044b73943a90b,0.00032298530628924974
ck_dab34cf6f0626c9b,0.007179270685250186
ck_64a02b7b96149810,6.650432130227794e-05
ck_c417d06f3e94685d,0.0005597879115208698
ck_3e0149cdee4cb294,0.0011589806041706733
ck_0e6046fc30f81705,0.0005430127559338564
ck_c383aeabd53e9c89,0.01426761494241735
ck_2ef76f1f36e8b869,0.007711026809035813
ck_43948784650bb9ac,0.00026140907004667917
ck_bdb966f43ac350ee,0.0008656276602560361
ck_5bea0e0ee0b094cd,9.111451906095346e-05
ck_dff090f03ca5529e,0.00017847671665113557
ck_a4691b57f837d88e,0.00036332054908453574
ck_99ee90946395d74d,0.9867637819859901
ck_cc81dbc83a8879fd,0.0003619647042841422
ck_f3dc0725621b3a35,0.0010833939230284913
ck_1bb212d1288b9689,0.0014608409604761436
ck_9e7278fc7679f002,0.004713055526905948
ck_3ded7a8720d7e311,0.00013081591770781862
ck_798157bcdb9453e1,7.564549732160554e-05
ck_9fba80f56f357fe1,0.0033798030474265018
ck_f1e1c8491f16f912,0.0026614854830572868
ck_7b1319a5ca2f63c6,0.999624927116006
ck_124432fd5c92af7e,0.42956113455541295
ck_148cb0c723284dc0,0.00014786458709681308
ck_b56c62c950eda009,0.0002540416016851803
ck_a0498755cd8d7188,0.00015089532556685146
ck_5379452a9d74efae,0.0007399908818478088
ck_6c2453229d608183,0.0036540618521983966
ck_f9d8b4813a88c1e6,9.398256914593035e-05
ck_c2c7d1e45a521857,0.000664056735499892
ck_4364a83a11743888,0.00011583288957807667
ck_2cdf5fd97ba75e06,0.2825282425271363
ck_71bc01291e0533a0,0.0007912476326414006
ck_a725d7aed2a0bdc2,0.00024865718294552494
ck_a9b0c4dbd7db6a91,0.000560081765408304
ck_a4258806a533efa9,0.00048653233997997215
ck_905e460591d9a278,0.03499794557996527
ck_20de8abfd8960ee3,0.0005311621600005791
ck_252b0a0f1119b220,0.000195042714487045
ck_95e4bef65c36af1a,4.993862649901711e-05
ck_5ab68b434ad53fea,0.00012914066745014737
ck_13677a1957078827,0.0009974541559823898
ck_d251e9fa09e542dd,0.9999001000597649
ck_700cb620f300dd47,0.00029819533747323725
ck_39a68c55a1bd3ace,0.014619994139376633
ck_61a59a7944d6c53e,0.976477079345776
ck_db6d1c6d31da967a,0.003731919477327725
ck_650020c500b1b50d,0.00010990778123453787
ck_d812eb6930192793,0.00016067867283683592
ck_92f6ebc11ebca89b,0.0003014879266246226
ck_d87e26eb5bc84b01,0.0001440751117193869
ck_66439e697695224c,0.0003419630174973658
ck_f21efd504faa654c,0.0003324393467993267
ck_15eed0f5652f0352,0.00015402966143751633
ck_bcdbf57d98dc0d27,0.004028072338016696
ck_873ceb8004d3a9f7,0.002232046682516896
ck_70bef9ddd4bab005,4.330455014837717e-05
ck_7560f1891d66f294,0.0003080059210744564
ck_f439f16f8693883f,0.00045784720950783203
ck_14f9535e53f9c7a6,0.00016746456979824595
ck_5984be472d2bc267,0.0012247406761523234
ck_ed01be7504dc4187,0.0022022622544462175
ck_dc3d8b5c17b67ae9,0.00012420743898946624
ck_9dc23031b6b494af,0.0005826810643798874
ck_fbdac0221bc03f66,0.0004199724441261938
ck_863708a99b92ef0d,0.0020444329423208885
ck_22b52654776a1ea8,0.9979808341393118
ck_a0714f98001efa0c,0.0001537313010862118
ck_9c56114f84e9a541,0.0002922572630691076
ck_e155cf506b2fb699,0.00042872872530513547
ck_65ed7e72f24731e7,0.0006984569419396231
ck_822d6e8e43befc72,0.7552790866359752
ck_b1182471d9ac6b26,0.00033220790522434324
ck_821446adc95e6da5,0.00016325795533833387
ck_ff182f033134dbb8,0.0005173020518185414
ck_9c5feef7647b0588,7.336048522156134e-05
ck_df935d8bdd44883e,0.00011335771623423101
ck_01eb24c18ad11fca,0.005253971790738542
ck_00d6730134a1eb51,0.001470563072160334
ck_79ba8e85678d0224,9.779020796625718e-05
ck_97e3b04a1350f6e4,0.0008402547623631556
ck_74e9747954a46eaa,0.03453858679864515
ck_397d5fcc9972f909,0.0014807475707742722
ck_9ede89e8a43c3f53,0.010974124456244117
ck_303b33910d67f306,0.00027162571839423066
ck_3c17841636f6f7dc,0.00011380844140606086
ck_78730527f8ba1438,0.005682173733323126
ck_5ee32bc6bb5d1d4c,0.02696878544519462
ck_a13fee8cd925d0dc,6.132500680665812e-05
ck_6f847263379f2e43,0.004843585395618498
ck_9b9d9e579e7b55b2,0.017123007244161933
ck_87c1d0a79e79c84b,0.000483894912355895
ck_bfc453eabb472f91,0.0014825060948534421
ck_978c21bb5fe3171e,0.000675606747158835
ck_dd882323474431d4,0.004512348333293606
ck_533c4f7400d5ab22,0.0072374319301793805
ck_5f217bfe28954e75,0.9957333100127752
ck_ae96d35465b3b4bd,0.000755271313733559
ck_512ebe97c0af94dd,0.04316668172147632
ck_f558fe02bb0219b8,0.00015365676683857615
ck_84092e23d5ef4d51,0.000591276384646167
ck_17d3022ca12eacd7,0.00024150706269850325
ck_8a8f81bf3558fd9c,0.001359574683978936
ck_0ada6fed1864e7c4,0.0005379359993143808
ck_21fe7bc59dcd78fb,0.0010365750297470157
ck_e136e20c1c74fe38,0.0002926618994466875
ck_e7a530e09d113dd7,0.0016408935778255557
ck_7cb0c9ded4d63027,0.00022918731059003625
ck_102db9615e722c9e,0.00035328117190820034
ck_129e39ddfde92eeb,0.0002732848393455328
ck_d730ff21bfd7769d,0.00016788347311309473
ck_54459b45d2be8459,1.774820858425337e-05
ck_7f1c20319eb60aa6,0.9998781176618985
ck_939fede90473e412,2.7907651177862834e-05
ck_e0f9506a6d5f4a1a,0.004560615720672035
ck_9a4967cdf49265cd,0.01350944341820973
ck_b9eaf03453ac7d5f,0.00010550583207976545
ck_522477be6376b450,0.000820638281658111
ck_9b6282e3bad50710,0.0030799168853679576
ck_a0e3a2facd508e49,0.00033960459811987017
ck_97ffae702f7c3d08,0.0013870654099549524
ck_344a95cb7115ec67,0.00020821583274577906
ck_1f2760764afa45e8,0.001979916433462548
ck_720cd658d11ea428,0.008409205036216732
ck_04e32ee9834c088d,0.7868891447228816
ck_2bb1389e5e72c8f4,0.0012178080022775292
ck_961e7dbc217cfbbc,0.00023802253818326806
ck_f3bce4eccfa6d6bb,8.711458110013701e-05
ck_e0ccfa0d689339be,0.00014025518878212263
ck_98217aeafa0bfefd,0.000345742085850548
ck_a02aeec1914c158a,0.000994730752555959
ck_20a17e8f206a14c8,7.549613712107687e-05
ck_114c32aad4b6183f,0.0021371077898763003
ck_79f5198f0decef20,0.00032243629149364216
ck_2209de229b4c71c5,0.0008340107679230928
ck_6ee939b7f396975f,0.00011434511518129234
ck_202f0c14b07ace01,0.002081928125897801
ck_fa24db9d416ab904,0.00014919265259237842
ck_cf6aa24b92c4d33c,0.49833769587821075
ck_45f57fb8194cefc8,0.005383739046591105
ck_d5eb179dc45394c6,0.0005612313051702171
ck_efb24be983342f75,0.0005838786574055208
ck_245f5d62ead5ef28,0.0014645963726308848
ck_15fe2a47fa7e92ea,0.0004830688206618799
ck_b6527a85fd682554,0.0006109750589641381
ck_11f9390a11ce9ff5,0.0008096490233420923
ck_ffb4d892c5158201,0.00036799683950460596
ck_d4c1da5a1427fd6a,0.02947911154096474
ck_2c041b1efb1c5063,0.0002033265454845496
ck_ecc18f40b33be769,0.0018817771963227804
ck_0525349f3945375b,0.00827758796853494
ck_0bfe62e0c7eab9c9,0.0015383265009845843
ck_b7c37d410b1646c2,0.0024174145964356397
ck_4b15b0746318cf42,0.03503518970327817
ck_e5ee006ecd8ff661,0.0009827878769026565
ck_ccc83cf66365357b,0.0015688575493787455
ck_34a33ffe8339f66d,0.9981831693880586
ck_4e39e3b165edab58,0.8110206103703973
ck_1a71f8081ae00190,0.9024214634918186
ck_ed8f1200fc049c40,0.932162684912365
ck_8a5a57858e8c77f3,0.0003356295264620396
ck_fff9fdc2adf5100b,0.9550781130627042
ck_c76f1bf40f3b787b,5.4794632035120466e-05
ck_1a6ddfeef82b1b1a,5.02256959876036e-05
ck_478d2667aa9896d9,0.01745449902550727
ck_641c8e7694b21f3b,0.02710541930871025
ck_293581d879f6663b,0.9740469172158563
ck_1bfa8abdb22be8f0,0.10406553547016069
ck_05ab5b03d0bf9ce4,0.025129959565605632
ck_35694db37f0cde7a,0.00016767287754535897
ck_fe33eb743d714c03,0.0004302883372749327
ck_abd10fbcbaf2b038,0.002563764075940997
ck_46d51648c1bf80e5,0.02042591693893295
ck_5c8390017fabfaef,0.11078238267197009
ck_87d55ca333f22072,0.00028984914480791534
ck_c39c6a1453e2b92c,4.8273138941304984e-05
ck_69ff1b0aa143a168,8.572745105494288e-05
ck_e57c79eaab35ded7,0.001803118973230229
ck_463ae759e2b6ad1d,0.004435039809341365
ck_0dae4a7eb587f3ba,0.0004952920167335509
ck_9b12fb56529ebc4e,0.0003551878767411326
ck_1af547077ba2dd03,0.02067663183932402
ck_de13de941bebc7cf,0.00020531406254695574
ck_83dde7da2bf647ac,0.0005019374024836569
ck_c80a94d4660041fe,0.0017022253106915384
ck_f39cfeb277ef6528,0.00023556217580652898
ck_1cec1ed1512a2d3d,0.00014327898075168401
ck_7955a359b6448799,0.0003822931548805238
ck_8c0955dad13c3ca1,0.0016336468503089826
ck_6d4cd2de601a2308,0.00026612432508260825
ck_f4536ba8dd2d551d,0.00028823877512711176
ck_b379c198d6db2d62,0.0021938588210373123
ck_76ea90ebc74bcdc7,0.0013774561443614104
ck_734f06bd4aa92781,0.00022245791220980722
ck_677e1d0c14cbf569,0.00030588564357067374
ck_259271c70f3fbcbe,0.027181482637462877
ck_c0b744eb9e7d4eb7,0.0008273133193112533
ck_3d41faeb96802f68,5.9017724424697456e-05
ck_8f604fa70fc3c8e3,7.075354342781862e-05
ck_0b3c3bea0e0ed339,0.001037916395925553
ck_be5df076b8a86409,0.00025727534512084516
ck_6a475fe324d7d790,0.0025739853798119384
ck_3ba3fa5387bacee8,7.586627960095396e-05
ck_324b9939d9c1c31e,0.00014654840660408616
ck_a7fcf7b592f68ca1,0.0013675088041766746
ck_5b2728f7cca414ae,7.832817818273515e-05
ck_5f4a25ffd0b85a47,0.0010153235209017872
ck_63d4f5076fe4406e,5.3069105358892315e-05
ck_af528d66c86f0cb8,0.4914270373304392
ck_ac7cdb9b8da7b5dd,0.00038729214729126655
ck_3bece63711407e25,0.00032811846791463127
ck_d4e0b2a12fcfc35e,0.0015836668581298498
ck_ee3e7c9d3a9c74b4,0.025398096139460657
ck_50d7c4dab837bf66,8.671670146013428e-05
ck_ebcb93a2990fc914,0.006649090381806766
ck_2329cc9702cdf7a0,0.0031936445994431408
ck_db1fa53d588bf99e,0.0003018968809070587
ck_44e57a0bad5a0745,0.0001866573265757612
ck_472c81a144f4631b,0.0005806154564803337
ck_1658429acd5306ba,0.0003766057412337053
ck_466103ec5bd9444b,0.00023143704537328954
ck_9757163e25262b74,0.001960050741165305
ck_34ed59bc2c9b0186,0.0002590577162123564
ck_b7bd3a7f263f4f29,0.0011841815785433097
ck_149662b09d632e41,0.00021222769811483374
ck_a9ffd6b3957bd41e,0.002160709495936283
ck_ab80466ef615e85c,0.0005947565857959876
ck_f2c824d3473db24c,0.0005779369041488851
ck_a4a01fd45936b078,0.0007022766614896839
ck_8f6ce158c2902877,5.3715318360111314e-05
ck_5189a302cfa7cefd,9.906124092119806e-05
ck_430a3d03be588201,0.0005762002815134714
ck_b5f9dd00914b4db4,0.01850024559430624
ck_52dec82e9cf6135a,0.0006781653264059398
ck_95e444a01e2ab4a5,0.00017880065493654582
ck_e37cee7b123692af,0.0006466214765595057
ck_d68d42858a55adff,0.0005967546861585973
ck_3abfc010091d679d,0.00015395668823695735
ck_cee4e4e1b62bf82f,0.0003110189296497292
ck_9ccb17c35e636c5e,0.0057853342235834266
ck_f72a5a3b0d6c1177,0.0001849020605566224
ck_7508aa554fae6afb,0.004193149703129385
ck_003aa842b7ca1d77,0.08878514885137805
ck_83b2b192f41ee2bc,0.027183211016997257
ck_64796b6b2c3c7f06,0.00047216564348691824
ck_6438ae81d43cb196,0.00011744254243717918
ck_2bd73d9098504760,0.0028414501813126733
ck_aa8b9b36a099e4c8,0.0032603191614942557
ck_e5ece47d0dd10526,0.000216374038367543
ck_16077ac345472e6a,0.00013638434374691193
ck_a4d6e152b0076964,0.00017671070245789958
ck_d90b1d03ae151f62,0.00015321766012737242
ck_18b36d342b530af4,0.000248085227873742
ck_2a01e610348b84f8,0.002200022830198261
ck_0a93ed76bf36c8b6,0.0003341681736397681
ck_3d56b477fe2370b6,0.0006454047625173203
ck_17ab3068fa303682,0.0009264150714007573
ck_592a3520d841d11b,0.001797488445964355
ck_84d07028b5fca2f6,0.0002226329643623467
ck_f4a2bb10afa85743,0.0005726250568775203
ck_4fe4b072f03f2c1e,4.681947497349172e-05
ck_9ad08fcc183ea1e7,8.035762432391885e-05
ck_130d3848b9dcdb05,0.0007715812240732596
ck_bb399ed6bf28c230,0.0005416696675465628
ck_a31a64a39a2c4941,0.00012004699413346894
ck_c49f25dfb39909cf,0.00022235920765291406
ck_55f50a9ae2db8ff7,0.0006439985404111722
ck_09faa4e771cf876b,0.0023321585840160764
ck_df520a7a6e405889,0.00720822563937224
ck_8c8c98cc694ac900,0.0001806091124140766
ck_7f0c4f609673ef62,0.0005661551265825186
ck_f51fe59cd445d2cb,0.00038551301909685385
ck_b3fb83f0d772a831,0.0009882103955427325
ck_d6e7e257751c299b,0.0022468369241568343
ck_0d362ddb4a1cb6d4,0.0018485403683783333
ck_a574a08edaf81781,3.7747600952085176e-05
ck_a823f5bcb0e4b9df,4.959229475677906e-05
ck_f792586ad0381eac,0.0013621860654266912
ck_54bfd70022c66983,0.00012009321694050524
ck_fe0a9372c9372de9,0.005071942468030249
ck_5691cd6fdb6d8147,0.00041313397227040643
ck_a95f212a02433d23,0.00013197954491399352
ck_f5adad75e1c06731,0.0018678558224810814
ck_e09c97520eb0533c,0.0014882747604355096
ck_a1e13c0d58560340,0.00014036155951262873
ck_cacc2ca410cbe80b,0.0010190905909991843
ck_c0dde2a6ef1e08c5,0.0006206882149342031
ck_a04403073c90ce38,0.00011737643988648868
ck_03d3026107175dae,0.0010676100799610715
ck_50176dae5b1b716d,0.00027138507693444164
ck_6c084bfcb38e96c3,0.0004378302347741449
ck_36d2be9012f7909e,0.0003201015346466226
ck_958acf84c6137a22,0.000537480101559584
ck_114722e12db90a73,0.0004951603631099804
ck_203c2a22c0c165ac,0.0004783422935722651
ck_2c44ca550e5cfa82,0.00025631739743705055
ck_df0a8f20ab8f14f4,0.001199677882599318
ck_826a27ff7555192e,0.0006735112851106734
ck_09a988ebcf062297,0.002769538146716739
ck_5c82444b3b9160ae,0.0004567585587073957
ck_f6a4a7ed27fe76fc,0.003540051677774205
ck_17de46314b5c6a92,9.536729632013215e-05
ck_335e63101b1e6c4c,0.007320261720037772
ck_c5eefc0697451de9,0.0014207814974773695
ck_49a0efb5d4067b6f,0.026041213816789772
ck_c1f4509c8f5dac5c,0.0008525668397544855
ck_57658eda1c59bc52,9.897435870103095e-05
ck_0d5c0736ec76385a,5.184652981618614e-05
ck_e0239e6ae30795a7,0.0014397465436840956
ck_e4459115cd8e5e4f,0.0005480273020955027
ck_bb4aec09d4968dda,0.02649880035508445
ck_a1b4c96faed3e0db,0.0010941325790153546
ck_8247b79ac67aae7d,0.0002373442508307504
ck_fe2fc7d6e5d83f09,0.0019478415638914364
ck_f6aea576cde8d592,0.00013261319488681433
ck_b7e7f7d0cd886412,0.0020470906933979646
ck_ca7b993e8286af7f,0.000588133659232386
ck_47de038381a9cd65,0.00943135010634474
ck_d38f941d09eec820,0.0006950751958883014
ck_d9ba2a6c0d926b4d,0.0005978739590079082
ck_cda72f597330d0f3,0.00021848586905691726
ck_16d2d27fadeeacf7,0.00010565167156490913
ck_be05447853d423a9,0.0001519080155390159
ck_cd92852d7376a4a8,0.00011418264598068199
ck_2faf7ecccc9fec58,7.274613517895168e-05
ck_db8733fd92f20cd7,0.0005156946653005615
ck_a9989a3a94c26634,0.0003403337384346117
ck_957fb25437c75e41,0.0005590881227342957
ck_e6a6caf6e7de17c2,0.000958279152898249
ck_f7bc569b37e8bdda,0.00023241570541650313
ck_703b375dd86a6124,0.0008120352555902865
ck_d3cfb3603f2c6ca3,0.0020160028636403227
ck_07cb2b6f2a4303e1,0.001116612150545867
ck_31631e2028d4f855,6.690572309192943e-05
ck_1631bab0ba1256db,0.0004335953546316022
ck_5fdafeaec036f016,0.0016270285556331554
ck_6eda4c36aecad602,0.0020926257409779585
ck_bd1bf9e3e29de281,0.002995834358477289
ck_bf378ea558a4125f,0.9482064799200213
ck_7aa2deeda0e57412,0.9983849025512326
ck_d229cf7f5a3f38ca,0.0012548198848835242
ck_9e109edd124492a5,0.002153816659894258
ck_779491819995625d,0.0021034262615169173
ck_b89c6fa2ad0a12f5,0.0009774023065724014
ck_1d01b4a609918c4e,0.4624118518227845
ck_714c5d7cb17bc9f2,3.145763839561711e-05
ck_269f1746f2609ed4,0.00016281734039098016
ck_4be03a2aa62b93c7,0.0001784874179214877
ck_cf920313f6dd28fa,0.0004228152991701809
ck_fb00aae4e17740c5,8.729894963822961e-05
ck_085d8c42739e2b10,0.9997725348452271
ck_c72a7d0d03cf3e17,0.034603578632551965
ck_8f6ca5d3b17eac6e,0.00041797732178287057
ck_d9573100bbff4014,0.0034325654375572112
ck_79d6793d1d0cf43c,0.0002820221987421559
ck_91fa5032f7aff0f1,0.006731671860252089
ck_87110d84872c0fed,0.0020471387709947676
ck_8220da627e9992a5,0.00033031743789072623
ck_2ae44938847f3852,0.0002128097724298554
ck_b0f191e44f9b6f35,0.0019466456781489793
ck_3049d744b527f4d0,8.81081578407532e-05
ck_47d3e8d1dd3fbcef,0.0002535270302040914
ck_ddf787359d2b5deb,3.557907497187493e-05
ck_b27a9e39726b26d9,0.00016173177959495784
ck_80c4e9274cf976b6,0.9994792854565704
ck_c6afa913168ce8fa,0.0005170974427414979
ck_52427b3f8478db19,0.0008751194043062998
ck_3b810f15ca0eaa55,0.00011783361421394223
ck_0c9e420f97baaa06,0.9767457756220222
ck_f8540cf3a8b2f8c9,0.00033049168179089504
ck_1402d24dd623df72,0.0002015323026255662
ck_eb4f4267e24d042c,0.0016480940199517537
ck_6f661b428d6fb8e4,0.008551778847008942
ck_519a26ecf3d29c90,0.0026296018125478433
ck_e886ba71d4a6fd73,0.0025909992240112484
ck_437f9ecd2016a1a8,0.00034959737009709386
ck_f01af1b0c977cc06,9.147519919574834e-05
ck_614f777c2eb5d537,0.0007971481703350471
ck_b804e784cde9af8b,0.00025150547753020614
ck_c2dccbc1b24b137b,0.8774963689574342
ck_1df4a1781a0f6999,0.0006746064843641906
ck_bd2cdd53fca26171,0.0003307456915896742
ck_424c254249a109f0,0.0034569765182714896
ck_cf2ca4f286e289ba,0.0007202463358686302
ck_6c33cb15b0d8af54,9.648484514142527e-05
ck_311d395fa9b8550a,0.0002291349635442448
ck_9f792e7e721ff7f1,0.00047632472528519494
ck_4c37586080edb7fd,0.0001772531655440539
ck_7c4f42c5397113b0,0.00028050671559468884
ck_fc418f53ce4aa579,0.9936532996756327
ck_1ba28fb7ef726ce2,7.74735530002496e-05
ck_d932f98bf6b83956,0.008323054938400968
ck_248b3659a9239240,0.00042609812244798033
ck_6a92cf5f4cf5de38,0.0010663294066400387
ck_65519d0fb137e0c5,0.0008491314436672663
ck_ddc3fc99eaba2064,0.00934622110219395
ck_7310cda3bc65a73f,5.3131595010384994e-05
ck_c01c85bd631d4054,4.817334188610705e-05
ck_b4954d16b9749829,0.0003438167406448472
ck_f301f6758e170d66,0.002544172700323598
ck_9bf95f8c47e7c7b4,0.0003428842180765334
ck_c91b7fccf6aeb4a5,0.00159940861559462
ck_785fa45e86bc5e95,0.00019744700838888752
ck_2a65f1cc23f1180e,0.00011230481684322781
ck_a49a2c1f881a3560,0.00044256927722314545
ck_def344d68f06d749,0.0004574202488315126
ck_abbd1465fc730d78,0.0019055506242398434
ck_07a5610ed28162fb,0.00018906049109204565
ck_7ecdee2d7127be8b,0.023156212027503946
ck_67858bc00e81490d,0.00016504545239528936
ck_b4ad165ace910222,0.00017044262634664098
ck_30753ffe481a1b8c,0.09619434520894578
ck_c401a26725b17177,0.00029892286348794875
ck_819988d8a7f26415,0.00015878804464201896
ck_3364a1d9261b3638,0.0009126406636103532
ck_c484c5bda389bf20,6.180678339077719e-05
ck_ae416325fef92c9d,0.1747162519968845
ck_5517b9a865960542,0.00015447123217693254
ck_a0e96fed380440b2,0.000360298663500416
ck_e83409471d2b0b44,0.0025338620708335725
ck_127273af97d7827d,0.00015393629749248087
ck_aaa9861c91bd14dd,0.00022221861612675334
ck_a378c58294001a36,0.9581026339476238
ck_abb9d65ff1f95b64,0.003255512616940813
ck_a5ecbefa849ae569,0.00013970604185034157
ck_aa9953c0ca2bed7b,0.00014576198695562115
ck_40bc6de252865f32,0.00011984955665995927
ck_9fb11688dcfe1513,0.0005049443782265002
ck_ba68841ca2ba073d,0.0008335115257985151
ck_1d3e561a7d20be0a,0.9990406560879087
ck_99a92d710a29c1d0,0.0003685528791511867
ck_ede2e887697ffac0,0.0007515350877859417
ck_e6de67c0d82a7b83,0.002919327332393295
ck_6b38763bf5ddbcef,0.0003655000526080309
ck_8dd44eead7d765a5,0.0005034549386733554
ck_30bf5b0056eea9e9,0.766940987838517
ck_2981d16f8a51a8ed,0.0004693774897150076
ck_fc60f42c68c7024f,0.0028966245012297977
ck_8e2b2251ee224aa4,0.0003153109000030287
ck_1906f0dfaf6e9bad,0.7999377723170931
ck_dcbe6814fc4ca0b4,0.0011610807860533564
ck_f7e958a286ae3b57,0.0004936156559786321
ck_713649668a7ca824,0.00017210182915371284
ck_6f73cdbf9305e2ea,0.0004684630306834358
ck_dd1c490050cd9051,0.0008087953353966563
ck_e30db36e376606f7,0.07564828868028442
ck_740d8fe8028b5a2e,0.0029324415820275633
ck_ebbc9418cd41f692,0.0002076441386820778
ck_7b3cc6cc3f250f39,0.0019435718246224305
ck_1d30eef7110809e5,0.013813047370392049
ck_77e0589ab339ca66,0.0060994732647321566
ck_15ccbf8ff7d14086,0.00042026548834308154
ck_246989b0c288664f,0.0004404882279105196
ck_fc2a6e27b10b10e9,0.0004483514194654241
ck_8afc1112c12f5402,0.0003635170707224863
ck_a76e8d83b9141364,0.0018633808883800444
ck_51d3e8dd7465c015,4.971473280876674e-05
ck_e7b4016909405981,0.0002258012590925949
ck_e7a3cfb9bf908e80,0.0014859957446927067
ck_2bb49dc2388cdc1e,0.00045903668006426967
ck_94f4266ee7871345,0.00026293364461722437
ck_b2c896beec146477,0.00013445539468576027
ck_fcf5d4a4748cdd53,0.0006397742021435495
ck_fd0483639811f62e,0.003912777681003373
ck_9a21d183524734aa,0.0027668032287482282
ck_1df4b46c0a4c317d,0.0006042949954874076
ck_638df9e8a22dfe0b,0.00016417230325426277
ck_65acc43a6dc3e65d,0.0022465370677447463
ck_7c67b73196e3d0d9,0.017266471012450567
ck_b0ee3a98175b462d,0.00022417203691618275
ck_20fad010969f1abf,0.0010365474910267603
ck_54b087bd873af8b8,0.00024302867961218644
ck_8007824431fa803b,0.001745671989720835
ck_23aab322810b9fec,0.00011618089497588517
ck_c8001bdb9aafc8a6,0.00019695422226116542
ck_3a34c3ac83cf84b3,0.0027773584160272146
ck_60187ac2c473a662,0.9927899683604513
ck_6a0ccd7357979f0f,0.03270767732404853
ck_27f20337bef5ffe0,0.0006555113652254336
ck_f9fc468915afe49c,0.0004250967740598526
ck_1eabc15a94bd9009,0.00038391780512544006
ck_26896c494b2768ef,0.0004624510763683036
ck_348c874eaf0354f4,0.000378350678277421
ck_be9c46acd216b45d,0.00035644567013055114
ck_a3cce46d15cc20a2,0.002126819051081771
ck_70804f60d9704128,0.004810201679122307
ck_a019151ca8e7527a,0.00039481382892153866
ck_571133b2aa8ead51,0.0017783552003286685
ck_0afa4449f20d5196,0.002026648164716606
ck_4d503c41cf4e5034,0.0006740494175486254
ck_d6fb9cc5171e3e9b,0.4450905185246919
ck_05ed92a7c3e10e5d,0.000747565610806331
ck_bfb067986660afe3,0.0041342262677532314
ck_c1a31690c8573226,0.0005529304341493197
ck_cb88ef3dc1f42225,8.785681582290452e-05
ck_21e3b3bd998745e5,0.20702530486700166
ck_cf52e46fa54e4540,8.167541588797291e-05
ck_b72c7ac4208052ab,0.0038257475361475764
ck_e6465c56b337e6c2,0.0012873079056896265
ck_5f87eb05d18186c0,0.00012686658845072104
ck_263f6c5ff26b5e98,0.0011962319050853438
ck_e0b7e2c0bbe228d9,0.0002264055955986365
ck_b657ae3c146cb7bd,0.002091924306718717
ck_abac514d8167ea58,0.011852670831251423
ck_024dcab126876002,0.0003946338575622061
ck_5d8481e2b38bd99d,0.004934141568180396
ck_edf229c17d25dac1,0.005873322865155647
ck_6cb7c97b72d6b5d3,0.000709570555875225
ck_c96ae2c28086a059,0.00010624951887600563
ck_2f241b97c0f8389e,0.0003095095502235624
ck_9158bdbb63ee8987,0.00029387650179824265
ck_e7b40b60786c1530,4.662086822276178e-05
ck_66d38518f68e6194,0.00046975115519503973
ck_8c9b57ad2a991416,0.0008996557857008236
ck_cc91bd7152d3e9ba,0.00025041985992607706
ck_0d846660c7957a88,0.0005065428653115441
ck_60896cdac2212bea,0.0013165975520518988
ck_dc4db8b932df49de,0.00859582901682505
ck_2dc31db181150e20,0.0002968044153180485
ck_2f138fce1171e277,0.00022156448223580662
ck_68b8b859a6ef505b,0.0002582653071599073
ck_c3fe0c6c5e1f40f6,0.0005911788989470319
ck_15886fe84866de92,0.0005277943768153968
ck_ea269b35406473e8,0.0001805696531663627
ck_3ce7cad1f69b71d6,0.0002540606943387159
ck_054ed4288ee58d6e,0.0026380336850868823
ck_3d4913a86f207fee,0.01071399116545447
ck_23ff85f9d2355e8d,0.0005769118364091508
ck_d87ab3261322216a,0.00011111329577573076
ck_fac046ce336fe39d,0.00012337971075784902
ck_beb97e498e6cf8e8,0.006379034307770011
ck_1f517e0ebf397b51,0.026800941093775305
ck_0af57ebaa45877a1,0.00016455764237571546
ck_f99bc1732ce5e999,0.0008097002439166432
ck_abb056a9deab275a,0.002429996370734013
ck_0bfc394c5faa65cb,5.9286396568485096e-05
ck_ddc865af1dd5670e,0.001785243529469014
ck_68b5542459638b56,0.15318569479862115
ck_0b1d84252c0b46c2,2.347634313426203e-05
ck_520ec32c4f253604,0.0009613640593852989
ck_79ffcfee599d77c7,0.0002467241397979024
ck_eb224c0fd146253f,0.00774562690053687
ck_0e477084434da450,0.0004076553140038025
ck_07840bba5570785b,0.11840920207690828
ck_6b67fe8e310ab865,0.00044100667479962956
ck_e2a1068c2fa22525,0.00075283142360651
ck_b9c6b32f6bd92a3c,0.001614090232179334
ck_c1e7d1021ae58f00,7.794433136117164e-05
ck_5d7801201749ffde,0.00021459398843679304
ck_c8806749e263f70b,0.00011462173785981094
ck_c9eeab826781dc91,0.00041099862631824015
ck_309a432c160a17b3,0.00014437124501262997
ck_b22e3337b8e3dbb2,9.961211434010785e-05
ck_79c30169c71b8033,0.9898516933760577
ck_5a6593d954085775,0.007986960773922016
ck_70b9b79ea1aacba8,0.003907758032233957
ck_63743141ffa11f45,0.0001459025062296064
ck_dfd3dbd0d97a642b,0.00012739188727180342
ck_635646a661f05b4a,0.00033637133924319947
ck_4b123d6931b6d0d7,0.9363223839397454
ck_f2b0e7a47f442557,0.022744148702640635
ck_1b1df006b81d38ba,0.00018360403894895834
ck_360237c1bd30f4bd,3.687599465904768e-05
ck_5e84bca0e362da20,0.0004240636746531465
ck_142dba210ed2f3b5,0.0006006578898285519
ck_a3564236069e3524,0.018588347033547427
ck_cf36d8b070ded782,0.00029633621765053845
ck_ddd6625c5eddad70,0.00012715070914790682
ck_ad54292a0b2f44ef,0.0008388391147928388
ck_45cd5ef6b359e9b4,0.0002939464493680626
ck_982c2392238b7be3,0.2444180161431853
ck_083e4ac78685c3bb,0.00023759404950007666
ck_729cc0b46cc2e546,0.026069790760558143
ck_f2b8995fe5402759,9.73618702491791e-06
ck_73e24f5a8da289b3,0.0013418677759692488
ck_bd85f30c36f5998d,0.0027356570041804917
ck_ee4ff3aeadf912c1,0.0015926299000309147
ck_63d2978706e193d2,0.0004471499914609449
ck_6a0684436a1e66c3,0.005744343847370649
ck_182dc4a2f5a366da,0.00021235003755491573
ck_e6fecb82fc2a82de,0.00014330230793122736
ck_cfb06f07394dfe64,0.0004295880695846683
ck_7bbe1dc8add17ef0,0.00036261206299453873
ck_5cacad76e02c8e3d,0.7321329388514226
ck_ca68dec0c7df5a12,0.0008925001744710295
ck_e4c0fc52c82065d3,0.00018320539961514602
ck_f9197b070416f443,0.00011115083042648072
ck_2a07c7021b71cf65,0.0010448571044491847
ck_4fa85cebf707de2c,9.239704303388176e-05
ck_0063d2a9507467e5,0.0002987425755950652
ck_ec986285fff05b7d,0.000432510811042834
ck_279d43303708109b,0.00013940578939977287
ck_a406bf11e48cf8c5,0.0022798829322007194
ck_064b2aa3f0bfdb6e,0.0006931800761047667
ck_95790440bc4bd2d0,0.0004642404747954823
ck_70066eea13b4c34f,0.00013528611618133284
ck_19468fe07e26f992,0.9960306405703685
ck_86bfe328e0a533b9,0.9904061947218951
ck_ace3b96c977a7560,0.1520812386404415
ck_642344e5c652d8df,0.00020271940596387267
ck_074be35c951ae10a,0.0019288204774517957
ck_f14dce41036486a3,0.9998022887757136
ck_5cf67a3a747e684d,0.0015517477645331135
ck_f7285b92648c1c81,0.0012482778007035903
ck_bef3193f124fca5c,0.02323305098999003
ck_05c4dcbb45de1f8d,0.0009448653122845303
ck_d7c28eaa05bb7144,0.00018250097513305475
ck_320df984791a1b99,0.00016650267199400117
ck_f45bad1606fa00a7,0.00027103895806286974
ck_6f81c199e986d9fc,0.0002848542236883755
ck_d0c9633fed57c344,0.07757792469550111
ck_a3c25d6cc7478068,0.00011434860403173016
ck_4185506d12cf9fa0,0.00016171062697589334
ck_7a02ee1bfba7353b,0.03830301515379563
ck_1b52590757c0fbeb,0.00029970798192199854
ck_a0e5656e1cf9cbf5,5.2055190516022983e-05
ck_ace21f6daef94f6e,0.00019313756704778513
ck_646d8d0834782d6a,0.07079199484370066
ck_1f136a4476b5e775,0.00030589804045998815
ck_325c7643cce02da3,0.02914395603446022
ck_9b5e7fe28208f5d1,8.747401734648831e-05
ck_05d81b1a150f31c5,0.0003010070189583733
ck_0e9ec486bff403c5,0.0004265458371358527
ck_ee13c091bc379188,0.0003708134723100126
ck_f7a7f8f5903617c5,0.00031283534587655474
ck_96c3a3517153390e,0.00015820769804279322
ck_538dad7f096458ad,0.0007746610903087974
ck_8758fc6622bbb7df,0.002910145042198867
ck_f7e53af3c91fec64,0.00036479552899677076
ck_80b50fad7f255e1d,0.002222091059248976
ck_9645e7adc08631b5,0.001228397356172183
ck_e007aedbf37d6ec7,0.0001524146672819459
ck_2951d76c41de2569,0.002121431946691443
ck_9439bff87e616d4a,0.04705563596845834
ck_a73045e96af0e4fe,0.0001468299893913647
ck_7b382e533e2e925a,0.0004817922601031751
ck_730226c2d216cacc,0.0185960910445359
ck_bdf837d761a7cec2,0.0007906432208415446
ck_0b34197335ba3341,0.000455670788828708
ck_49170c4b31a20f5c,0.00013077472606508743
ck_cd553ba6589d8bfd,0.001321164870423399
ck_56b992c6f136fa5e,0.0005972725455571199
ck_8beae3d7328fa41a,0.00036771483577017534
ck_1a065ea906ae3d6a,0.001054131378094152
ck_e9e3381d5e0e5051,7.49276555020591e-05
ck_a6d4f998dadc90c2,0.054934624296032505
ck_d36733da917115a6,0.000981874538706342
ck_e738e920bbd74a7d,0.0009032810258999798
ck_af65eb885a51048d,0.00026299542871842174
ck_73f4eb09af29b1c0,0.0008776003730529194
ck_8fc641b1750a2542,0.007667400415305628
ck_41b954c7a948c060,0.0015483176334756248
ck_25fc3010e8a0f6d7,0.007636211571111872
ck_a2624e0387974e0e,0.0029788442276459846
ck_5cb9d7b2329d5ab6,0.0005236580545972692
ck_6c83aa1d100a7cd8,0.0026354201018194763
ck_67025c64588abd1e,0.006027091072014252
ck_f5dde68f6f0468e1,0.0012674443287725326
ck_46bfb2cfc29a6d2e,0.016243724699198672
ck_49dddb894d33f6db,0.003457850684511714
ck_f738b633b8862d18,0.0001809304728584748
ck_3d6c3c00d854f5a4,0.011583959332745206
ck_cdb8061d8d1a6c5f,0.01574941940656251
ck_5e1b81848718bdc3,0.00022283774117385285
ck_8def763034187436,0.00015363753785844355
ck_8f8e4fb9c6190272,0.0002674991895064794
ck_368b968b5f33431e,0.00011983099571700301
ck_ba7e347251ea399b,0.0007557207974778163
ck_9075432001a64e75,0.0011891071225224958
ck_73c5371635aca173,0.8426744247566333
ck_81793387b38047cc,0.0006073318142938695
ck_0cf220816e320ac5,0.00010592950161480551
ck_820219bb9c761b52,0.0015477103512144107
ck_70a932ab39d86a24,0.0001904566721886609
ck_2c4be237a7ed79c7,0.00013200666607839537
ck_acc764b49ef02826,0.044230100057429854
ck_74c3c3452e4e7cce,0.0007413792310652455
ck_34dfb57e5bf31d2f,0.001434007572490912
ck_6ec39903f765956d,0.0004023916874896975
ck_5986119e7d81e831,0.0005916338559830232
ck_2ddfc948b8eac752,0.012741358230158258
ck_921ff5ceaf40a968,0.003940713274995633
ck_fb3b68b4424b5f92,0.0007339158101965354
ck_c3db1b3ad4f16679,0.00012237926505131202
ck_124a197be41687f5,0.0002670587623682226
ck_c58d9151834f5bad,0.00034983421537212745
ck_389607982eb6b701,0.9944198345094122
ck_fb0c138c003e933a,0.00010623563141180561
ck_50d0bb7edd8c69c0,0.0025171536478498075
ck_c6cb651149dc9a8a,0.00038655933362679614
ck_81e21354e477eceb,0.0010554719683622646
ck_7696e38b3e4197b0,0.0001980200174632884
ck_586001d3ed9e7fbc,0.0001640931358753136
ck_bba413492dc46f2a,0.00029366156108043284
ck_95b894380ad2702a,0.39128247954609147
ck_277621473369614f,0.9999028129306942
ck_a50621b5eeca84b4,0.00014611920511475133
ck_bfa7ba218b988cde,0.0015902079688615081
ck_5ea89567dfe78e4b,0.0008412886758485477
ck_6c679602a6476ab2,0.0035704563386729843
ck_d3885e286b3b11d2,0.0012614929649376282
ck_cdcf6671b37c9c92,0.0007705108715525974
ck_b5c93e6d34f8d366,0.0010843305766072295
ck_c24f61925dc158d5,0.019203354265184845
ck_cd09375e6c81d2c4,0.0014572245563652538
ck_a95afc7a00303a26,0.004265229250000466
ck_8e89ca8b39f3f8ad,0.0023297287101303596
ck_9a84b396aada3fa8,0.007118540685320071
ck_5124a2e415384945,0.0008009187003555438
ck_d66bb1f063357f99,0.0007849752275302793
ck_0fd9312411b0ac55,0.0003792019441304597
ck_ad8cbe6e27e47ede,0.0005143202203617474
ck_8398adeaf41f9cae,0.0004765849480758196
ck_dcf851e7bb5855d0,2.547588672334093e-05
ck_9affb0f26776b642,0.00035269084862070985
ck_f0424b3b36bdbef0,0.00225779401555076
ck_66746d1090d6d9e9,0.0003660978128093372
ck_e5f8c8a5824db594,0.00012916554737691922
ck_3e91dcc209431984,0.0018780927358905124
ck_126a82e8d42e5ce6,0.0003436118802832897
ck_38e4a74ab256e2eb,0.00020216500302172604
ck_1225a97fc413a419,0.006157761672429596
ck_9b5ec0f78e160e65,0.0019398110171793496
ck_7c5529bcc079600b,0.0002832829657492285
ck_29640fc2fe81c251,0.005032091903897196
ck_160e9ba0a3f7c1fd,0.00016975878735822934
ck_bff090cb4ab76b9f,0.16709052814855277
ck_aa06ed358e43db69,0.0021599617410794246
ck_7264486eb512d84a,0.0006422857706346845
ck_f5a32e6160b28379,0.0002752125293159134
ck_4ba8bec14c2217e1,0.0003297707058649776
ck_610815786d729d2f,0.0012791664118681693
ck_e267999226b6321b,6.697371958621086e-05
ck_f3996a3c8eea1ea0,0.0013652518642416802
ck_e9b75ed7567a3f23,0.0007250683570434759
ck_d21612d48bb4f7b8,0.000853405972381038
ck_1f871df76c6a995b,0.021086231189984407
ck_953bd5de48ccd70f,0.9566581644121837
ck_02a9104419a6dbaf,0.010202610716621182
ck_1eeeee651e05d535,0.0012275865376871798
ck_e2ab04136a442a98,0.000537302009680773
ck_f0d806624ef3d359,0.00020937182240725625
ck_4b68b38c1b3326a3,0.0001436156702838006
ck_74e60495f8861156,0.0006564929171924125
ck_398f3f4cf05c721b,0.00015303231667355806
ck_f761b7650a0c1a85,0.026976921667234883
ck_7dadef33f5e2d94f,0.995683373310173
ck_6ff6883633b8c7ba,0.00012447874767844105
ck_4d2159603045109e,0.0003718980604665775
ck_a38bd07a5fac5c9a,0.0008034160615080453
ck_f517f06551e69507,0.0001927574949259142
ck_a7ea00a1760ad561,0.9981395900663695
ck_31fc51d5a3dfe16a,0.00025928496347238345
ck_bac5233623b25ca4,0.00028493975692436195
ck_385188ab27784fe3,0.0017710226336844475
ck_9947a323bab5cacd,0.00101440705001627
ck_7973edc9f22ee7b6,0.0008067217695331196
ck_f97c477986043755,0.0006526325982678801
ck_1a3fd2cc4b4de196,0.001778887963961234
ck_e18ac29ea62cb435,0.00117016892391743
ck_9720a472a3e0140c,8.773261396895623e-05
ck_668c7fc7d7e47c0e,0.00033880459704258356
ck_214af0806470ef48,0.00018264607107692138
ck_a46c1773f01f0be7,0.0021568058462341122
ck_f2bdcfb4203ffdee,0.0010148501735911717
ck_40e84e6ffe788a4c,0.0003994941697201206
ck_dfc6f5712d8d6678,0.01340009098948956
ck_01ef1036b2e66a4b,0.000325537940350561
ck_3acfec10eec32f9c,0.00045391740083695236
ck_084a85145c15ed77,0.00020603388996288298
ck_fcdb4fe2f095fba1,0.004705555777743629
ck_023908db0a193076,0.005973306940829579
ck_fec0ff92fd622253,0.00016530268052550892
ck_c009c97d5fafbced,0.007997642542282751
ck_eb9f0c06ee017ee5,0.00014893587040560658
ck_d7792b429620fc24,0.00014973176546738743
ck_5e9e149a3b69c726,0.0007193952284475341
ck_ce927322ef8f651c,0.0011818222528224046
ck_b8fd61a8e82bce32,0.9975146496338143
ck_9aafc33fba1474cb,3.778763780751775e-05
ck_ce81ff9b8b35562f,0.007795233747912436
ck_25bfca1d8eaa152d,0.00011901839869690742
ck_170c65860e2a7e23,0.005598070240967299
ck_952da7ca9f33decb,0.0073365979040833735
ck_1ebd574406235957,0.0001720955701441315
ck_589109a188adc2c1,0.0017283498492215814
ck_f0cbd5383bb07778,0.0017428249497177524
ck_242521e261148fba,0.0001076841543522734
ck_509cece86a558de4,0.0021187014131786542
ck_0dd7c5925d28755c,0.0005658681712728622
ck_a7e669cf1c3985aa,0.00019395952158605983
ck_acb84dc2351eeb76,0.0016215926434286852
ck_b837c7dac2a9b931,0.0015904988877019407
ck_18eb1f9181f95df4,1.0981440165895423e-05
ck_b0b9047dddb1ec84,0.36321613201228065
ck_43aa136bdb0a2832,0.8303740191342313
ck_3e47f8c56c811700,0.0003240095185396215
ck_77c587d24695ea15,0.0005525654703519355
ck_20578ac693ea4e93,0.0033591685745747355
ck_b9f6040eebd1605f,0.0007442872050092172
ck_ca9d86f65cfdf018,0.004554467186648194
ck_a4fa8833995c716a,0.0017069596149854095
ck_f589f1e29301b5fd,0.02175159823558271
ck_961ddb8ff55d868e,0.00011331013713586279
ck_5662492a54e6688b,0.008068085901978883
ck_ad48826c1c26eb78,0.9983668494638165
ck_621c9ddde6bf2eca,0.00014328832793750792
ck_417a3500b2c717b3,0.0006361776427850567
ck_c7e129058beb3ac1,0.0005529640557428641
ck_ec1c902b9b9b9c5f,0.009452843909946145
ck_317360ec0a67d27e,0.03481296077715681
ck_3e3ea5d8c4a229dc,0.0038662331535808045
ck_d11d27de7bf0b973,0.2267662002783631
ck_d37d56e931105db0,0.0006138185305154329
ck_4863077723cd6ce1,0.0003276622418113172
ck_479a065d5903e9c3,0.001473345825488432
ck_e66ae4fd586fedea,0.00010116503217293554
ck_192bbfd0d5720134,0.00010854273303354011
ck_3b436cb29af99f3d,0.000345764649721673
ck_7c7ca54969eed187,0.0009351246883359688
ck_826ee896c9f1144d,0.9440383994197947
ck_ba1f6dd43fc8a0b1,0.0003994728538340059
ck_49685deb63e4e8f8,0.0002464613241857193
ck_687ab5d5554bfa79,0.000165122801109588
ck_41346ccd9242cc8f,6.0270470168168034e-05
ck_8f8e5e2b9dfec3d1,0.01084856147639736
ck_94d5ce61a0c50465,0.00012003908410187078
ck_6b954c75aad8c012,0.0006405276482028433
ck_748af92828c9d288,0.00021485854875874372
ck_dddd14091ce812c2,9.699496936213311e-05
ck_723323f6870fab59,0.00014036902817976635
ck_dbdf8d0708cc6718,0.00025594867489292327
ck_f04938570a154de3,3.380850216401034e-05
ck_58afa1550b3b5294,0.00015187964831150022
ck_3b150afde386ecff,0.0015115527761543907
ck_666b95e75d99ec4e,0.9906193215517348
ck_e00332597cf1eb24,0.004014018556496848
ck_9a9e3dac79280d7f,0.0012558538540300358
ck_e8d37262e859d9a1,0.002531592928367393
ck_895bb39d24bc1c4c,6.213208264993343e-05
ck_b367449195e36499,0.0001581770057890236
ck_d23f9a50d1135ce1,0.006533380879437926
ck_670dc4910cf476c2,5.8334620359991364e-05
ck_3ecd8a5ce65e21ca,6.937988820332824e-05
ck_8584fea2df4c6317,0.00027188733815275266
ck_0789ff4562202b20,0.0006692113099328877
ck_749e0e50c3907be8,0.0003089775069835926
ck_c3ff6790cc6d7e34,0.002019334150112646
ck_75fb7e56432ee4b2,6.843345929902729e-05
ck_529fc3170fd11abd,0.001212941707864011
ck_34a69b3b4a681796,0.0018761910563926056
ck_255f0e5888ae9e23,0.003051333356421424
ck_65be698386474170,0.001863421472177096
ck_5eec9ed855c26000,0.0004343761800286943
ck_5ab39bdc9610f6f3,0.4964253400316724
ck_1b5b75762f033462,0.0001154944488141041
ck_d3e208671cf37f91,0.9921639509522654
ck_5068ee554ceff971,0.00114738297398451
ck_d7d50fb57fcb2d0e,8.065053322061879e-05
ck_ba6e1115fceaa067,0.0011164798209912711
ck_d07bfb16a4a7dac0,0.9648620930363425
ck_ead68310311690c8,0.5333733399059358
ck_ee53ce862bc9c111,0.000157314212274981
ck_97e56e6037024dff,3.533350679098266e-05
ck_80b04344c98ec072,0.0010198557738485795
ck_5954f45a2ab45f43,0.0027493746445291308
ck_18ddf7e836256e3b,0.00038669251388768474
ck_89a1a780144d808b,0.0003268028925401526
ck_a7331e8b808c39aa,0.0021548712922509735
ck_a1fd0ad03ff9b776,0.0013161746175543454
ck_c0cf50eef030b401,0.00016065264802405716
ck_074f20921189e7d6,8.951031634897699e-05
ck_e2aa7be60794593d,0.000789356409060582
ck_72771757dfb7f7a8,0.0006116551155161305
ck_a9cd84a6dddfe584,0.0009080894146580329
ck_142c00f9f8557504,0.0031838486986308
ck_221b5d40358230f4,0.0013280588065854412
ck_a2d7a563f520b7ea,3.569773732042746e-05
ck_66cd34bc568d95e0,0.0003208452047204789
ck_a17128972d3e507d,0.010579753813660577
ck_bda299466bb2136e,0.0014949068663765216
ck_2b699066665abe8a,0.00024463030559724317
ck_0ac9848bd4ba0c14,0.00013833998016480933
ck_98d2f9a6ba3a3077,0.9832608002490781
ck_a872df31b28a5f7f,0.008839718085646733
ck_7e73e1d44ce82ed9,0.0011009934444750232
ck_1a415416f620d49d,0.009623029751025837
ck_c95c786d2f8b8edc,0.0003887966741020241
ck_e45012f22b7f91d5,0.0007292886360401786
ck_aa0b083e2a6813eb,0.006959679234451235
ck_4666232ddbf77756,0.010112403995685772
ck_e08e9c8ec5f23d8b,0.0003268510582531456
ck_31d4c0518e5f52c6,0.0004794704365911405
ck_c1ab40638f04cb02,0.001319701673230102
ck_4c1fdd1669c7cf51,0.0001995906761659302
ck_11662cc7940ffc82,0.002665762394275772
ck_2e679af24adedac8,0.00029744835958792564
ck_454b9e21b7f25a4c,0.0006711877516449195
ck_355c4f29089731e8,0.7923736632987903
ck_507e40760a24d2d5,0.00023375769376948445
ck_0943e0f305078e34,0.9994631147834679
ck_abc54ed7111e9ed1,0.0019355119516406183
ck_a60fe02fc04407a9,0.001032159461750011
ck_244b897bb4d57c1f,8.799543544974534e-05
ck_8c84fcde93a04334,0.32897009689155354
ck_9eea37d2de633b27,0.001269967801731367
ck_b2cb9e6610eca967,0.000122454654063511
ck_09aadb4c41b166f1,0.0012054363783980822
ck_8d94fbb4828ef326,0.0014431923736311345
ck_089e3a07abbe3b8f,9.392689854201207e-05
ck_dfee9de05e3971cf,0.001064940268027754
ck_6abf8302ce052451,0.00908060361605639
ck_6ffa90143838a4a2,0.0005716237175009306
ck_325caeab5c7a9c3a,4.9116083297700946e-05
ck_1964ee9db929a173,0.9540449755636228
ck_942b95988a6245a6,0.010066437797179445
ck_913ecdeeb8e21a9c,7.308675132357e-05
ck_ecf9794349eb4b3b,0.01733175618842147
ck_b6cb8d6ae828eed1,0.0025504533253785542
ck_2f82ea66c4f53b33,0.01424778078222493
ck_6e676daa4855b58f,0.0032584909723244473
ck_2a37fef48b44e9c8,0.004786806330838849
ck_3bd12d468fdc2450,4.9311056511532754e-05
ck_1a28b6a40a6bd3b4,0.0021069522537366164
ck_61b79dec96d15713,0.00137543625713697
ck_31d5e3daced93d3c,0.00014003038445558252
ck_e6c8611c0cf233d7,0.0017661689760177155
ck_f04761b4a937ac3b,0.00013335912904404658
ck_38c1c75cf055031b,0.006431328773696218
ck_59a561f3df01441a,0.2161889037723009
ck_04e40f556a5062ef,0.0003633137517409092
ck_8409716d174635b6,0.010808704236493147
ck_3019afee83342701,0.0010616311615858523
ck_b51a58e7f032c9a8,0.0007173607665476343
ck_5043e474f848346d,0.0008599562681876456
ck_4388abce33ecd01b,0.06822943428604435
ck_c93def7392f0aff5,0.0005066738175747374
ck_72e7b1acc19df820,0.006853312880640522
ck_f253130dc3ca5b3c,2.2334406768238904e-05
ck_eb264d1b180d4b4c,0.031071877181427544
ck_c2504f5a113433ee,2.1157975728578244e-05
ck_c16ab1e4dafb4910,0.014373744885020948
ck_4bc42878fa180991,0.00105366887196669
ck_1c771a7c78f6622c,0.00522690103054759
ck_d523f0e50a2747ad,8.565838227889846e-05
ck_9060f4e7ab7a1b0c,0.00023689926480340278
ck_6b55ec4e87a5e22c,0.6764282950965361
ck_55fc62a5f89a7251,0.0006546675073414298
ck_bd2545c62f258231,0.0010771577576313477
ck_1ccdc69d0bb712b4,0.0012067620302337711
ck_710f867a3bd5898c,0.00814409853904891
ck_f91d48c40337d375,0.0011486872214934204
ck_f76d929541ed41dd,0.0027171844602651035
ck_e26a6659c237b650,0.00515777540514139
ck_184983177b73dea5,0.00038053175342068904
ck_6d0d081bfa8a0022,0.003386710442136184
ck_2f6e64f638da0f97,0.0007144916139645064
ck_15b93103ccd38609,0.0001144924324041326
ck_094d10439b7b4eac,0.0009668564656857918
ck_d2ca47180a926ba2,0.00687835975758787
ck_a69ca7b9d70972bb,3.383714756130016e-05
ck_68914e67343a7d32,0.00010071391490711441
ck_8176616132458c0f,0.00035657379741226854
ck_eee99af3598311b8,0.0010980713251667086
ck_94410eedfca91304,0.0004634647753319019
ck_cfb11a0a2325bff5,8.845898106727147e-05
ck_75217ee144b715f8,0.0014365829692634387
ck_d56fc799542299b8,0.00027391475094555486
ck_4c352dd3e7c81269,0.0004981357633223365
ck_e23e50e02cb3904d,0.0013852952558933089
ck_b921af37d500e139,9.586216770126002e-05
ck_82181b935360dcbc,0.9981710537299587
ck_22a7cf3b99c5e5fd,0.0006116759071093513
ck_f67ee7910d532216,0.0011692122143773997
ck_5f48762a14a0326f,0.0007605580885650285
ck_1757fcb0e6e3f88e,0.01904318100193914
ck_2c2f080ba185016e,0.0007334861118893931
ck_4c25570eb72711b8,0.0009749263808843821
ck_a3be871ca22ac416,0.0002572193903570345
ck_ab70961e7c6695b2,0.0004671911284790658
ck_a1cdebfc42a52448,0.00026381566747982985
ck_f1b80b821a20186d,0.0010327880934762905
ck_ae668e4564cd2aa1,0.000639100161974361
ck_0e2bc3a5afa439d8,0.0011761357501411003
ck_3dc378f37d0b74b8,0.0003167172941122481
ck_9f9555197480d1cd,0.014359876671515583
ck_bf4e7d48770a4a8b,0.010048938805893718
ck_614ef655f0685060,0.0006872215607515731
ck_04d2ea38ee27770f,0.000310137212779827
ck_e03a9d8ac94161d5,0.00036235860947078294
ck_d4007b5b26d9d854,0.00035039011069562374
ck_2dd147ce6d61749f,0.0007583145895667979
ck_ff45764ea7d6619f,0.0004482012062005881
ck_dbc487cb0a6c18da,0.1297888775632138
ck_791d5392bbd80447,0.0009769001474364482
ck_b4068439c413b150,0.007219379524692289
ck_85df7b7de9700aba,0.0002198519315031524
ck_001e42551cd06e40,0.000144381933382168
ck_a6c02ae50932cd9d,0.0010676332105199321
ck_9fd0be2c018ff5e4,0.007274251105794735
ck_32a495128395fde5,0.00029754447988829025
ck_b6f2a2fd232c141b,0.06449471509746116
ck_28dde633692904b0,0.008961320108011959
ck_a1a93c5f375f6021,0.0004627163714414008
ck_e3982142336782df,0.00018709703368076722
ck_a9812ff3c111ea94,0.0013637425559250367
ck_f04062216f95fa00,0.00045108918175317686
ck_7c560467daca735f,3.093428114082418e-05
ck_76ee10d6e2dba70f,0.0007989901163454981
ck_3521243bdac61178,0.0003016006858629314
ck_28588fb03b320520,0.003546596027011339
ck_580dcec33ec232b8,0.02329586564946235
ck_7109923fd7dab20a,0.0011037220427741784
ck_7c872c99481c1e9e,0.00022800838765291465
ck_46f4e1f5026f4d1b,3.985801627309636e-05
ck_00d1ebc31ec4653c,0.04523905437098147
ck_aac70764dde15168,0.0004010790214541843
ck_648c03f9aa4e45f1,0.0002511192173392462
ck_5478eb69ef912785,0.03466364480856477
ck_79b8523137bb2603,0.0025541028381443165
ck_795c49f312640019,8.357769866548533e-05
ck_89184bf7b7fe41cd,0.005332901949243009
ck_97d4bd922996fa10,0.009780911376437792
ck_1cef30d08f3a598d,0.00022791282054214064
ck_2f9fd36a4a40a6a8,0.0001881558697850122
ck_40780fc0f8d6f309,0.0007370216399949676
ck_9083ca9fec2a7f4c,0.0002354178794369397
ck_62081bc35aa59931,0.001365168554130149
ck_2e1b46c5fc56b863,0.00479839596554948
ck_3d139692c51b604a,0.0020419212972602194
ck_b5e54e22e3d6960a,7.954194960670492e-05
ck_c0c4be3f44311b04,8.24678651987162e-05
ck_82a8bdd2692c2a5e,0.00012352182046209754
ck_bdd2da300b530c5a,0.00015490233181404987
ck_ee40498cd97183d3,1.1812285035228794e-05
ck_70b9274473bd6dfe,5.0153705381234135e-05
ck_473d6314ea614b29,0.0001364374338615264
ck_7443d6dca8cd1352,0.0006734091317611186
ck_3b49768b448b071e,0.000700052259320989
ck_b43f04431c267dea,0.00027599751429761664
ck_4424a5223ba2fe00,0.0006971957092518947
ck_819bf3e8231f4081,0.0007768364479998646
ck_91d417507a8c58cb,0.11211900345602828
ck_e88e86b19cada4aa,0.002152947294258376
ck_59684167f9c6bf4c,0.6051304760652947
ck_d5f5b0dc97b9dc27,0.03331828254879646
ck_13d1b192bbff8f32,0.0006697199552461545
ck_b21d8630387cabce,1.6836768270663463e-05
ck_e4ac22046699b99f,0.00017561648443823632
ck_74b848064f2ff45d,0.00017580690819964928
ck_166aa980cc87fa77,0.002923636016036921
ck_98e337806104dd88,0.00031068678876769484
ck_66eb09be007f0755,0.0006039728826950188
ck_3ec9b9d8dd7be11c,0.013638357887402905
ck_8b8b9de339d75d0b,0.001563899300145848
ck_6715139e240007d9,8.024109717183174e-05
ck_a0255ab46e122d2f,0.00021535142110935715
ck_66e81a4190c33510,0.0003040219296786636
ck_5d75ea4f5c9080bc,0.8368408948013812
ck_df69858b8a8b3165,0.0001979857738492582
ck_e15252ebd7553422,0.002281304711947628
ck_34d6d74bb3ed11e5,0.00013030607540792273
ck_c2608f78f6851d10,0.0012040080187711356
ck_bb99071e8f58c8a4,0.6456739351042456
ck_06010f0df5b7cef8,0.0005299077114050624
ck_8c582eb0f6c0148c,0.000288381410305899
ck_0034d010d28aea78,0.004305136551575099
ck_01c1f06692566ca1,6.539411238826862e-05
ck_4807726e797fb893,0.0005567825337447901
ck_edc9668282e3c8cb,0.0004656609174889901
ck_5486768475af7bb5,0.8588566638603288
ck_3fb9813849e51837,0.00010728006869538298
ck_861af5a9a9a6d619,0.0009934969546289026
ck_da39653add0f1109,0.0005779194123866158
ck_74a4244eb1f162e4,0.00010471939622359392
ck_9a930faade55b8ea,0.0005656439661793379
ck_fb6e06ca88519dcd,0.00015010897540933464
ck_9776cd8263a9f415,0.0017041960936761496
ck_b3dd1198ac5aea73,0.0003254180283092837
ck_b6675a04df1a4276,0.0008289909386837103
ck_5c7ad6e731b69333,0.7898269316503663
ck_28dc0fdbaec00580,0.006127192789502252
ck_8e7a32f7e3905f4e,0.00018739307952513295
ck_8563fed6674afc77,0.00018417608475039513
ck_9a2fcccb82da663e,0.000293911373653764
ck_6a519bdac0d94527,0.0002091613740854507
ck_a0dab7aa9c4a39a9,0.000787407249167775
ck_a3ce05e9e5e32142,0.0003372468558341207
ck_7a7e40ee3f97c035,0.046162434767248336
ck_9e9a830785112a73,0.0009375732864003253
ck_ab1bb02f6b189304,0.6322080846839355
ck_7b8cb0f90fbdc8c6,0.00015678137207651645
ck_b138fc249e659e60,0.0006434959747010699
ck_e73caa3771ec5e0f,0.0037798038121388475
ck_18a55b06ccccd88b,0.0008244971167855544
ck_fdcb1d9265d8fec1,0.0029282012927326897
ck_e21a900556b382ad,0.0007319563067439664
ck_c6bf67470f526771,0.0003282246137406604
ck_b568ba3837afb39a,0.00013053313644433446
ck_a2858979dd5645ef,6.464751200223527e-05
ck_1da9d40837ebaa57,0.0009587170436121163
ck_9341c7959543c542,0.00018663891098097887
ck_c8ad86806b9a2369,0.0020602899886364716
ck_5c85d93ecfed4b0e,0.0013262461302119752
ck_f07b09879d697b82,0.00034069489557722414
ck_fe43da07608b1749,0.0002238941153614795
ck_4bca22b5926b9c28,8.626099558460413e-05
ck_aba573aa942b1d41,0.0003434169684382249
ck_57c14e32fa4683bf,0.0003780741824126371
ck_891530b489ce402b,0.004824088604742786
ck_5e74fdadb93ff293,0.001430762747503089
ck_14436a409ebcc90f,7.890529614273291e-05
ck_00013fdfa0bd37dd,0.00020323507127758422
ck_7dbe24ba01316775,0.0015403531671982602
ck_0e3f80c1553c591b,0.0006399117604040832
ck_3edc45db58760d76,4.794381000460672e-05
ck_29076a13f539187a,0.2593514517484144
ck_b1e81b58b9a545ce,0.004839065531272703
ck_3f8571d4f7420b2a,0.0004886789231513869
ck_7dff6abe4bd644dd,0.5923671797992672
ck_2884bab237af16b7,0.0016590899138281899
ck_231e6dd1fe708000,0.0033448742551593974
ck_33ecaa7b892e73df,0.00017556298956423
ck_b109ec4c63503030,0.00021083468071978243
ck_a7f522382509cef1,0.0002987814826147175
ck_748b3ea941d8b3b9,0.0012190113873357287
ck_29f3a1737a2d9634,0.00014268454682941678
ck_cee8d42475a0f020,0.00017011295361728766
ck_c6b6ebe145a8ffab,0.004775743403955106
ck_21c99e1d6b881894,0.00022791656324733884
ck_5ad798286384484e,0.00017868524209465461
ck_b621b6ffcc7f4848,0.00035229677704092064
ck_ea819e337233475c,0.0006986137887282352
ck_9e3896c2668ce06b,0.0014876064991169757
ck_501dcf1ead036d2b,0.01581193106151697
ck_8d5eda29a2cffa3c,0.000514145136762975
ck_4d3aa36ff83f1132,0.05715283506152462
ck_8e9faf94e3e6c757,0.00020709542826865486
ck_ce0ec41f96951048,0.0009058326531653493
ck_f09165d73ee903b1,0.0002918910838502909
ck_a432b1bf1d3b3d5e,0.14895775462962718
ck_ea618f720ff0b4b0,0.0005076550258179671
ck_7584e7bd755cb28a,0.0002157038302099136
ck_e14681aad43e1a72,0.0015703088250180752
ck_5e18870d8e30e379,0.00035964584329290205
ck_ff7c26a62bda8089,0.0002721931814575165
ck_cc5a35175d381d5a,0.00340416744397678
ck_3c25029e40aa8a84,0.00047529321585477335
ck_771247b5bc16c12a,7.64245018726742e-05
ck_664b5e02759f985a,0.00016493568778381545
ck_692a9e8f504b9762,5.268832026378852e-05
ck_df8ad2deb0a4ffed,0.0003486068714279894
ck_eb48c0bcd12ea654,0.0003687143898572618
ck_7c77e597c951cdad,0.00047633889012752093
ck_4f75144c6f3b13ad,0.002693293366349346
ck_1bcff399166d7c43,0.00011789571953920363
ck_975c2aa3d4a8c51a,0.00015042659909642262
ck_bc6f07b06aaa4ce3,0.9702781414318238
ck_80b072b7f3c7e8e5,0.00022292720938369093
ck_471e4018a23b4e56,0.0214204529158799
ck_53cddfba570b4a3b,0.0003422154293305944
ck_630530e50764f229,0.0006066519923034696
ck_dcef7887a4f1e435,0.0007194265535749851
ck_2795921a055643f6,0.00020733328921877258
ck_7456df89f3792235,0.0007691134797314913
ck_5014a3b07e1f049f,0.9936429322629404
ck_d4ec44760cbe03f4,0.00011706779047251582
ck_96810ad39d4cb7b0,0.0008904905499449468
ck_3222ea25aa29bfa6,0.0005480407851174151
ck_f6c42001b84a10cb,0.006265842532392776
ck_5ac86682385c86b8,0.0005198723345568527
ck_4280c33af57eb4f4,0.00032023342476751886
ck_05f79ddd8eefaa56,0.0015476865129621397
ck_3a57a13ce032a6fe,0.0011297807612010466
ck_a721f0d635fad68a,0.0001485604100034886
ck_a3f821bdf408c326,0.00010164565740770795
ck_0ada63008be5685a,0.0005660850429741025
ck_8c949bdc6e8720fa,0.0023947721108683985
ck_c0d2c56f9c722e99,0.9988801783547642
ck_5d2b9e6e087b8dfc,0.9998471658879258
ck_5217b55593a332ca,0.02221848004102126
ck_7a7bb9be5a7e48ad,0.0006601433500573294
ck_24cd0d779e866287,0.0001229794510822572
ck_7367917891a63771,0.0007008220714256207
ck_4b31a8862a857e6e,0.34113252231947555
ck_81429c4910ca46cd,1.7764623745630844e-05
ck_b35d803568f82d9a,0.0010868232589040228
ck_4b00e75c2d2d0522,0.00021290173973810209
ck_77fced07f6dff42b,0.0015864171458967492
ck_3c9a06eb07c300e4,5.263272583609374e-05
ck_b3867f7f494db64c,0.0005392808276215799
ck_0c45e54897ab34e2,0.0006220631916692758
ck_507a6a580ab55c76,0.02577402951494349
ck_291bffc7809f896a,0.018310761570576733
ck_3753cc5b9d02e2fd,3.852239674333043e-05
ck_4f63d5245b3ac1dd,0.00035536981922226123
ck_9dfb2ae78659240a,0.0011519245614056866
ck_90f6f5ced708aa75,0.00013218559471584877
ck_8b5b5a6b5539e39b,0.9979855224082064
ck_4719112b55d20161,0.0004676928999590338
ck_fec888a7108ca52d,0.9997386249234268
ck_4f5d022c99f118b7,0.00023577535264779464
ck_e967ff05514b697b,0.0008243574199587851
ck_839ce35819bfa4fc,0.00039522736688417034
ck_bdee1221b9addff8,0.00011935073471349146
ck_9cde4036d0914427,0.0004290956609235079
ck_5ac959cbcc5e98f3,0.0017275311857848335
ck_619842688294dabc,0.00048790100654903123
ck_7373d7b04c7799bd,0.0002619270269055956
ck_c1dd3feb9a0b6471,0.0002633586975977096
ck_0324a4812ec319c6,0.00015217226284928417
ck_7f3685aa2933b251,0.0030356547389206855
ck_06aee5a62a67a84c,0.0021516797454814536
ck_3428910b44b9d08f,0.007448384196653534
ck_c3ba7534cefc1de8,5.47725634917061e-05
ck_1f1273a67cbad5e5,0.00216911113577408
ck_124565a11b2f8bb8,0.00042475682160713745
ck_38e46bc861e0165b,0.0004753621246274785
ck_c8ad3f01319c065e,0.012113671557790705
ck_3f94a34f5038f7c1,0.007401475061461162
ck_cee56be5a502fbd1,0.16289310229248755
ck_2b90b76cf4d162f9,0.00016972200907377404
ck_884b2e463ff1d54f,0.0010777739408008868
ck_fab4f2f8531b4827,0.0005264050273599346
ck_4fc6256e0e60a926,0.010770920764618757
ck_0a2f8b2f8a5b6f02,0.00016935628967077506
ck_9c0deab8a8367c5e,6.361298852949802e-05
ck_d3a2a4c011fa2554,0.000521493745151122
ck_4108b4038f762817,0.001972070049006811
ck_4df036e2aa7e1056,0.00015586430217900542
ck_ec094eb1cbb3efc5,0.0002354988816588739
ck_09f8f51bfd2492c6,0.0004193192810282944
ck_b60fb9a10d6f4489,0.0011353169033273347
ck_3638bc3388dbc1bc,0.002567160642035129
ck_7a58e0cc9943c39a,0.00037316283696504205
ck_37dab6a0a536ed49,0.036750179336338326
ck_adc576690df5b33b,0.0008411193782075852
ck_1383b2b1875000f2,0.00047600233879431547
ck_43c1248db37a2eb0,0.00010729428861320158
ck_29c11bd68858e923,0.0002847797501212117
ck_9401f9e11f65337d,0.0002897757506847078
ck_ce5ed372b1a2ed6b,0.002799886073308785
ck_08b4619490e751a8,0.5975590180948009
ck_44b9125526acb05d,0.00011654104045432181
ck_ef1a1de20d2124cb,0.022421139210456513
ck_e5e2624b7fc89774,0.0005879445976018002
ck_f5100511609b92c0,7.752455827834143e-05
ck_64f3bb17101b7c42,0.00048367965697383166
ck_ea1e5b5128ecba2c,0.0005284169143473329
ck_516163fcf04d5e77,0.00021401258655864394
ck_7f9a748110d70005,0.0005004315330795186
ck_d263b55f0a681cce,0.0013780845955721527
ck_0e962eacf98a813e,7.33390479190557e-05
ck_0406931800e0e2e6,0.004294355356131164
ck_0e9b982afc88a3a9,0.9984826614576099
ck_8bbb625384edebd7,0.00012463141582159807
ck_5eaeb87bf6207406,0.998691340253109
ck_cc3318839c4b0745,7.259170295462452e-05
ck_08a0355d1f1890ef,0.000404953106028798
ck_af7ffd1a822460d3,0.10737736287886746
ck_2a09c7aa870edb6b,0.00031114705457170437
ck_bc04f51c23290bcc,0.000258488728165509
ck_d3a8333cb389f4c6,0.0001437184784964568
ck_88e3dd3039508332,0.0018949420477288564
ck_b8c7771de9b57705,0.006567093933630924
ck_585ababa02383b50,0.00011027367632342937
ck_e988c108754cee9c,7.37758017798607e-05
ck_4a691892d9d6cf89,0.00030742502340260316
ck_7cdce37d895eefb8,0.0003418580493730568
ck_483fb981a1fb4317,7.533133169522439e-05
ck_c1e5182bd99e0e35,0.7932110225844986
ck_9a1e3ec9a1839939,8.394796160868877e-05
ck_5c3f13de0dbd5086,0.0001615768295739058
ck_f4f6f0caaab70040,0.0006566946236585165
ck_791be3378dd7d64c,0.00047015757377983107
ck_956dd784525f5886,0.00018856269401816716
ck_098167eaf124c279,0.00067314917612889
ck_33ecff7914349ebc,0.00033815924619086987
ck_e05d44e46c7174e6,0.00022799592927445514
ck_1b2ce474fa6582b4,0.0006018658285836779
ck_ab581082e8f72e3d,0.00024001750898329402
ck_e63256667aa19070,0.0012103521000862974
ck_f568772b6cb3febe,0.0007177688898079975
ck_dd89a282375bbab6,0.010697088516743569
ck_a39d0bca345b492d,0.0007074587208637151
ck_d12d2924d0f7a64a,7.634725328288579e-05
ck_6a548da1728b5823,0.9991188633500376
ck_6d64193681d2a94f,0.03496770685791776
ck_ced6b6dcdc7c201a,0.00018185981842917947
ck_d1b0699d26282871,0.0017136583256919745
ck_58f757e40a9b8877,0.00819582759216272
ck_3272c2c4a37d5220,0.9864549333511524
ck_d94dfde9e03c9d1a,0.00042688194551046007
ck_08a6d4903a7fbaca,0.0006492693249568662
ck_6c72a36b05fa0f4c,0.00034452285591627535
ck_dbb4bd4eda97255d,0.0004478457307167352
ck_94b59bbc824b307a,0.0003560183515086088
ck_0229a07185f15469,0.0002877315319721046
ck_11bf1039f8b3025b,0.0008621352531416826
ck_36789ca11459131e,0.0005696576427514183
ck_8572c5f5c1447c62,0.0004265823217543362
ck_9e75c6641939f4fc,0.002521512239942967
ck_b45e47c39d4dc7bf,0.0012726240779305322
ck_02903c48b6cfd65d,0.0015750700735309795
ck_b153386f1729de81,0.0005897165706807086
ck_36979996f33498f7,0.9850261227048014
ck_3c02d4dbbf6716b6,0.00037892092024011516
ck_66c9a19963957531,0.002111795746434453
ck_bae8dae7cfd8baba,0.0003970468911198335
ck_bba0ccc6cd968680,0.0010027972267900656
ck_3267fe3aac05c71e,0.008387128613117311
ck_40052cac10562cde,0.00048735676193591073
ck_d973444855403e2a,0.00020017984831483278
ck_012519bb095ad36b,0.9995660803330095
ck_ad7c256ea10c4a00,0.011862122523643787
ck_70a60e095e9b706f,0.00013714808921273556
ck_f2734417c0db4ee3,1.6427462181024206e-05
ck_9cb89cc3178e0172,0.0005350600770227309
ck_779cc0f2de4d5488,0.011106970752568682
ck_35f8656bf93e3b3d,0.00024811228246257523
ck_bdd8eba728800e29,0.0003816475261680332
ck_002cf760d173f0f8,0.001090791493527361
ck_b046067c6ca3831e,0.0008766305087915498
ck_a4a42d4bff8af645,0.00022169634712683006
ck_bce253d2396681a1,0.00029673033556534584
ck_00dafc060c8de32a,0.0006197079722956855
ck_968a99e097ee78c9,0.0005557161149849267
ck_66949171b387bb93,0.0010032724217418935
ck_ad305286702b1958,0.00032327720621086594
ck_4732da7e0d2dfc7c,0.0007580388124865013
ck_17a95bba77217d85,0.00037593758654821274
ck_3e2516a3e35067e0,0.0001381076472453926
ck_0b615ed566da1f58,0.0014606279089101268
ck_d2b3ce1ebabe9f93,0.0010708411322402776
ck_a892252e4e0c2828,0.00027692073397266525
ck_cf606fd6ebfdf9bc,0.01977483874396285
ck_718865237134ebe8,0.001526000444761192
ck_878522cb775b904c,0.0009492113781570577
ck_9ed53de6ef779ae0,0.0005877368842411859
ck_3f16e2cd7e6874cc,0.000186114744471205
ck_3c59df37895ead2d,1.4991466246407531e-05
ck_6821459b626d492c,0.0003832329601203047
ck_11c7667920541587,0.00010667691438056431
ck_23a016cf6b98d89c,0.0012414967205232664
ck_7137eeb394d200f1,0.0011852314061134522
ck_9c4886c5c90ddbdc,0.0005815126231329598
ck_1422a7bf7756294d,0.9878191024289771
ck_7ebc5fa7f0d3b8f2,0.0001868010655078641
ck_fcc2059a8d5c41fa,0.005728966147350216
ck_00ff7389d6a83e29,0.0012520401977667102
ck_03129b41457795d2,0.00017854616290989973
ck_38ba64efa7c38250,0.0005028873471353506
ck_57a6b56b09bff24e,0.00013929145102558146
ck_e3b3c5a80a567418,0.0012035960416218216
ck_fc40a16adfced018,0.0017178198791555274
ck_9d4b5e6b43bad4d8,0.0001692721961604799
ck_61129937ee466b49,0.00046660684173276975
ck_74112e47b8629c2a,0.006154132861814149
ck_b4703ee97f94d7fb,0.00033083848905165016
ck_e560f720a988d8a2,0.001761312362075887
ck_708fea345f68037e,1.8188035665566765e-05
ck_25394c1b83e0b803,0.00532153570887204
ck_17ab24fe914ae44b,0.0003605194245408283
ck_16c501470d9bb006,0.00041758511758662213
ck_628f449e248c19b7,0.05162310885998174
ck_6d64190623dea714,6.826512653905138e-05
ck_504a45ee08db72b6,3.378764554217132e-05
ck_6cbb011e0c70bc7c,0.000204019752690694
ck_b3225a98acd04f83,4.498253942688747e-05
ck_aa37993f1c17cd1e,0.0011451196720886972
ck_558cfe5f77a55a9d,0.00013204522845220254
ck_0d0a1a021efea5b6,0.00020121437343624077
ck_daf7aea023b7a8f6,0.004120200834009028
ck_d75f25184ece2b51,0.0006532307617968053
ck_466d4b5366c50b98,0.0004694667873648345
ck_88f27ab479063852,0.0023883405204439827
ck_66779098e78c1760,0.00036170880825048355
ck_b150fe4efb449b05,0.0002633141191065371
ck_9c3aa9f23d01fa1c,0.00021163368695032914
ck_6a01c375fc26705a,0.00033010271084715455
ck_002eb6552b504ea1,0.007264151269755928
ck_affa5aa0bff9bb0c,0.0005345801337598105
ck_027614eeba8b1a4b,0.0001134965084410309
ck_67e075c982add719,8.318061099929536e-05
ck_399b0d510be98bd2,0.00017117796733983595
ck_e9b0bca7368555ef,0.00045226068362622096
ck_59c29d9c57b4f994,0.0016025481486452355
ck_37176850ed68831e,8.55273213447261e-05
ck_a0db4ccca08030c3,0.9227655914994264
ck_aa188e5c25f7f42a,0.0005504460389961137
ck_7de6997178207800,0.004537351953507726
ck_c729d19053387be9,0.0010839342393154036
ck_f2d3e3d90608596d,0.10289885002047217
ck_2db3fb565e0211ee,0.0001349979445199871
ck_bed8a480e27e911e,0.002066535340395809
ck_d7ad9921a4d25926,0.00029718684373409774
ck_2a59f23fc5194699,0.0010156373279867892
ck_63601a58a6120d8a,0.0006882049197571687
ck_efd7b9e22c6317d6,0.0017973451425666372
ck_9ab42875a0f95b43,0.0014088873854067206
ck_85cb5033fca7c846,0.0023334832175505743
ck_5249b223000915ec,0.0013689995778267288
ck_3efb0e9bf25612c7,0.0004221947796388584
ck_678e74532ac19700,0.00020066444328205004
ck_a980b296c95153f9,0.0001581555005878703
ck_01ac687ce0d696a7,0.0005159756524259759
ck_52e1418cf1aa9871,0.0004418317482161365
ck_7d28da4f1dab09ee,0.568459571370538
ck_010d0c2e6c1657fd,0.01734829922461466
ck_b524f7a2e752b9d0,0.00020639550817285078
ck_cc447fcc24a0772b,0.015443075690843836
ck_2cb3c99845e572da,7.486304551335405e-05
ck_604c710141327a81,0.00015788454229654408
ck_8d5fa65717d2e0c6,0.0007669600942277159
ck_31199510b40602a1,0.00014151671921627275
ck_49e253ea12f4e922,0.0007007329157067265
ck_780738e0d71e7e43,0.0026644513814516884
ck_2cd21137a07fdd7d,0.00016912986386684913
ck_5e021f2a3b66e256,0.001047533267190924
ck_efbc79246e32c66a,0.030126407891826655
ck_9951bd806c13c7fd,0.0038611046225678855
ck_7a52674e2806d8f5,0.0005969525174779039
ck_1a319e509f1efa1a,6.04821857116166e-05
ck_c920901b9a4ba993,0.9866495062061125
ck_b71279e807d0b3a7,0.0003933533496554278
ck_47e1032f490bb018,0.0002060694099132402
ck_192579ecdca7ff83,0.00032260963803098293
ck_b1496c474c4a3239,0.0001225966508722156
ck_5e68ea2c5e893cf0,0.0004082491509356693
ck_f2ecab85d4693b4e,0.0003541806341393284
ck_89d7bfc81c3df597,0.0006928379787873563
ck_7929284327667791,0.0021266242327293307
ck_494ec63c5ce8e150,0.00039233012149572297
ck_319b059bb2145586,0.0046224400744748146
ck_ccb3767c239018c1,0.0006986737270455773
ck_a1c7adfe26e09a8c,0.0004874875372792296
ck_0e13c4f73818149b,0.00042571009229423534
ck_c285a51ed6214f52,0.001547323204473591
ck_916784595f028226,0.0023404598640067256
ck_6cd8e0196365c474,0.004985557012154934
ck_57b657aba4daffde,0.0005472564455067741
ck_562c76a3753fc7da,0.8105136223963306
ck_66cfc1ebc9a513c8,7.684132224332281e-05
ck_0f38d4aed68d7d24,0.020316724166906004
ck_d8ddf5e99f7859e4,0.000644106431757935
ck_41bc3efa0fca700e,0.004695404464995682
ck_40799e129fcf42c5,0.01103289422972474
ck_786f079389126e44,0.0006894756207433496
ck_bb4c6b713eb0b978,0.007335641786787882
ck_4f01f7eac0efaba5,4.937765770565122e-05
ck_47d29c01b20cf69f,0.00015809442928894457
ck_bf15a1f8d67a30d3,0.0005013532136649998
ck_bfecad7586f65e4d,0.0006340470783510836
ck_fc9f16df35190eb4,0.060166363469401976
ck_c09c914e416edd08,0.03754787107442879
ck_c54c5d8e4433b0f2,0.00011753003276406644
ck_1694c28f44480e98,0.004211553217923276
ck_1dcaa3078dbb7571,0.0001693922016440892
ck_af559f990c640e41,0.0004493769927329063
ck_9b436162039a77d0,0.0004698440857498759
ck_79d62ef181bd0cd8,0.00012390663931417036
ck_23caafc2cd34242c,0.00029755936952072785
ck_ffe2aa26f597e552,0.00034853692451229895
ck_e6ffd0754ac08661,0.0003965278058954129
ck_beaacb4a783db21f,0.0007006207201985846
ck_9863bff41d24ce9b,0.00015585210611141135
ck_323b9cc5c49f8ea0,0.000529902945514844
ck_ab3de3d3e41c2082,0.0005162072149891637
ck_35c93b2924900376,3.1237295724183286e-05
ck_5a9d5f9901e37e31,0.00033556413150305205
ck_782b0be796164335,0.00940633228562129
ck_11960b5f1c7a5e2c,9.89554098755145e-05
ck_9a66cb13a9884cc2,0.0010776276325053864
ck_ba666a425930615a,0.00022432532944140037
ck_40140bef4db73741,0.00021131022518191788
ck_e05e91cc180063d4,0.01342678976749842
ck_c7f6f45710bc050f,0.0009301505152047234
ck_055fb9f2e1c8c934,0.0028369406691380983
ck_58bb02d98e2b9cd5,0.0005776113398228666
ck_d9f8efa6a7800f76,0.0016304085023688057
ck_69691226c68fd50b,0.20039005657921308
ck_6f2f0396e5b1c538,0.9996388373627282
ck_78bc3f1d0f35ea6c,0.00013554155976773876
ck_2d5a6b6636a2596b,0.0012571512987198338
ck_7878545739af0a73,0.0002195038401381061
ck_03c4fa4f3ed3512e,0.000539138631217226
ck_1a9e51d092d62c84,0.8146785757128636
ck_9f3861940d8d873c,0.009535973077934846
ck_4684fdd61c6a0fac,0.000262502466362761
ck_715966f86d5c913d,0.001082107736800416
ck_77f293d44b4a3d2e,0.0002839104776325461
ck_24dae044dc05f849,0.0011631213864080963
ck_00b9818e2064405e,0.007177167316352933
ck_c1c2cb49c3c1b0f5,0.023845603732401747
ck_bed50fc64fbbf8ec,0.00123149248117467
ck_4f6ed5ea5ab7c429,0.0005092159953966297
ck_458531c22ec2f9b3,0.00025983286386529076
ck_51c50c4c443df31a,0.25941561596671014
ck_732d45bd578dc39d,0.00023766021235677816
ck_783fe5bc20cd02db,0.00044801447448082144
ck_7f188aaa63d1d442,0.0002670162822275892
ck_ef307a6aee38d1fe,0.6219804225567392
ck_e37196b20968b73c,0.0004697762341994813
ck_4ef9de711c3d93b1,0.0011673620538886333
ck_17946516d5df71d7,0.01822494935434387
ck_3534be0f4efd313c,0.04741907616836607
ck_29fbabf855cabdff,0.0005149382023857543
ck_191673540d8486af,0.002676651924927707
ck_5f52728d777ff2c5,0.0003838084007260656
ck_a045a19369016818,0.9998890530076009
ck_4eadbe7298b15e96,0.0003557513604410357
ck_a3a0bd59729fe619,5.722931309989866e-05
ck_a1e77090b1c6ccf4,0.0064318452648596215
ck_69ab9d4784eb77bd,0.00047246368545638925
ck_baa47383ffd50f04,0.00012431917822125168
ck_e35b2ed08b9e55a7,0.0005614290940330597
ck_b6e3af0a5119d9a0,0.001052774304759394
ck_a7c1dabf3869772f,0.0022766997420945404
ck_80b8fca67a14e0be,0.09656642307522308
ck_dd9c5f0c42878e67,0.0006817798695248357
ck_41ef7967faf5ce82,4.4929433317569e-05
ck_a93560aa348d6225,0.005266970232807479
ck_ffe91d6f0bd93fc6,0.0007842294226942812
ck_fbf630c960194033,0.014523681979156747
ck_497ed60723283c0b,0.009488687043805323
ck_2a46b7ca55239413,0.00024408238078752918
ck_1a4e5ace078dd782,0.006588258276499624
ck_616cc31910f5de50,0.000192372292441356
ck_0d65bc749eb42710,0.0004784681061339986
ck_2408db62e4395ccd,0.0003624175152285638
ck_5d7721930106dce8,0.0007233278354678029
ck_e8a6acea22b20312,0.03203449051852818
ck_e2f792fae128b18e,0.0026549777664558287
ck_e6d3ce445b86003f,0.0007061381960287133
ck_263334d722ecbc97,0.9790276504616321
ck_8c5b29f6666d4874,0.0003411168824023982
ck_7ea0bf310fc20c7b,0.020362508637269093
ck_54d463f7fd89ec3d,0.00036410792304302983
ck_79e45040dbdd6447,0.0007960075699239892
ck_60b4d59953505682,0.8445395428978655
ck_fb00dd5021642507,0.0009013011645901757
ck_f409ff994a210601,0.00042008808640836787
ck_2ca0020038bfec58,0.9164327038188516
ck_adf84b9df54c3d80,0.0003886617522974432
ck_942dbf632591b65d,0.0033882570092762564
ck_454a7e4d859a3409,5.873182268676163e-05
ck_2139062d4569aa07,0.004609558931281307
ck_e949a0f4df0b3902,0.9151774135412081
ck_bb113e3e6716ed65,0.0011325310013332694
ck_6a28ea6ce69cb869,0.019096770453757152
ck_7df9910af2bba21b,7.374189103555384e-05
ck_78aa4b731cbfe251,0.0003390808021969011
ck_5839f5cbd8165b1e,0.00032001553075363494
ck_7158ad9e58769ffa,0.002809561008006744
ck_acee218cbe61df69,0.000515854124473166
ck_f8dc8473c2772729,0.00235443632486472
ck_f34c93a8173555b1,0.008563102694963135
ck_7cf301d075e4e709,0.018936729968002133
ck_b87e88ee5512ea17,0.00048793837815067873
ck_bed0c020b10afa3b,0.0001865845169529901
ck_ca10102961f99eb4,6.928537004596643e-05
ck_393287947b5c8d79,0.0012781122129340568
ck_2fe6cac002142f67,0.0014642353995125543
ck_79c7f0d29b1db1cd,0.0073969047010813945
ck_c735b643d3cbf67b,0.00018287319281735497
ck_ea4332c8fe48e2a3,0.00013209501664670747
ck_d39864119cdd460f,0.0027530045581450964
ck_3b963d6be2773861,0.002237270652729759
ck_df39e3b8a9fd0bfd,0.5301023752475572
ck_6236a461dc0d11a3,0.0007336014603887642
ck_475ebccca25e30d1,0.00025608779780785125
ck_c10c8bcf5bcd516e,0.00689932366747018
ck_49ccc3716a564256,5.4733217259325974e-05
ck_4e4f99102f6938cf,0.00043566352949059523
ck_a97b481ade6f7972,0.0015513293988418549
ck_3fa559c679751b3a,0.0017082424557496932
ck_3eba1fd2c7acc4c0,0.009131241146311064
ck_18c179b4afc4fccc,0.0004999497976171508
ck_cc1c0b93d05b7d20,0.00360116646521942
ck_742f7c28ddd019e8,0.0024018041925345903
ck_04470bc93b8a0d71,0.00031317390482126254
ck_6e8f8ef7a03cc6bf,0.008583972168006609
ck_eb1ddfc353b4da83,0.0011522156396244646
ck_98831b57c7ca2e4f,0.00048219557531117174
ck_a6c7b8d6e8596d4f,0.0020973363438640752
ck_cd7d24e3b095e96e,0.03314315738775546
ck_3f5ae4673a9f858e,0.0038299292876558507
ck_05f375fc8ae0afb0,0.0003148065201206003
ck_1fc98436281ee39e,0.00010828554192601914
ck_6c48c58678f64bae,0.0005793376967070004
ck_8c95aeec6a4c75b0,0.0006085582744778486
ck_364cde38958b7af3,0.029751328496470393
ck_85bf21aa1a00452f,0.00010612121933580903
ck_796d3eaabc667c23,0.9991695127174882
ck_ac449ee0c315edde,0.00018200568840728745
ck_6f9fd15ac6b163de,0.0003954983678349583
ck_4087065be2a45ad7,0.009420608775053527
ck_ecf006bbc78ee3eb,0.030439063348670907
ck_8ca808cc5a49cb5c,0.00041210785164049347
ck_94b90ab8b2dfb50f,0.0003253305382158019
ck_59fd11b3232de9dc,0.9693592986468659
ck_67f3794d93e2dd67,0.5520805268663992
ck_b7f5acf5df1bb13e,0.0003151665357601674
ck_fb04ecbaebb774bd,0.00014279089092282104
ck_68ef3e7301c621b7,0.00028473856384191737
ck_41406cfa209b6bda,0.00017393069901830107
ck_b0f8f5408662337b,4.0276096242838825e-05
ck_0d2901bfe585c391,0.0033990887613653564
ck_3398551e81dbf3db,0.0020259746431264872
ck_61c3e3e277629646,0.00043422568997401434
ck_2825e34dd3e7ea2a,0.00013683862574999223
ck_20d7571ba830009d,0.0008515143468950743
ck_c98b16f9a72a6568,0.00010637642917616809
ck_e7c8a9e4641eb9ed,0.00014545345350682192
ck_254a7c97c36dab8d,0.0003049731195173303
ck_e98429675b46272b,7.471328975944939e-06
ck_c2fc0ac460786d02,0.0027831639057163014
ck_fba15647b3a140d9,9.016865272501153e-05
ck_15ce50f2704227be,0.0010565928737406337
ck_8c748aaa4a4554f9,0.000911116477410136
ck_e00e82a9419ff086,0.0002632736906327369
ck_832341c98254bd84,0.0006460105545680686
ck_27466468d06db4eb,0.003966382920638016
ck_9d7b9e3ff1f3e71e,0.0001447122512462311
ck_42c6973d3a6fe983,0.00012803107119543677
ck_877c85bad118bc62,0.001799431976255068
ck_75d2a2715259c4d7,0.01292276856731082
ck_37d3e5c681a2214d,0.03840711700127643
ck_bf285dd49f372de4,0.00020822813642800268
ck_a5bdd026fa9c50fd,0.00010074470028752392
ck_88d9244a9cf7a77e,0.927630300148412
ck_5881b174e49b04ee,0.0002603145956522209
ck_5b16d67c5ea89930,0.00013372012135436372
ck_b75b936aafac56b9,0.00017595042465313925
ck_aed2681e1646a0df,0.0034741767568884827
ck_f63cb5e8cc702bad,0.00025572140063253636
ck_1805fcfc4a9e4ffa,0.5774457381193601
ck_25c355da356c730d,0.00032716130412809507
ck_70396398e4a96449,0.00043989213784575743
ck_0f743bd13373748e,0.01805110504513901
ck_4b387765f0e916cd,8.218929973559527e-05
ck_e971faae8a10a260,0.00015993301591311194
ck_9eb08369e983abfa,0.00011710816682834938
ck_c30c5844512e429f,0.0008281667738815268
ck_59e77e3a81f1fa0d,0.00017134601198853143
ck_ca4465f2b5c1a52e,0.9994080910456343
ck_c89b9ca398402f1e,0.0005199750308216939
ck_36e72ef9273e7a95,0.0003388789568649365
ck_2bdd8616870e5e1c,0.00014990030799578996
ck_216e87a41de22b5d,0.002829460084986852
ck_60f4fb44f5efe3a0,0.0004967294035232333
ck_05652e8ace6ce6cb,0.0001844002616899106
ck_8c136dc691e65695,6.382778757356692e-05
ck_a08f8dfadbdca112,0.0009726985668723662
ck_bda4041a3e90d860,0.0005810927333094885
ck_15dd3ecaa8ce0245,0.9925616822860428
ck_3e3c64b3b7876ce6,0.0011946043949776566
ck_46225858a38b2e57,2.8204626250464e-05
ck_0cb9f54928f4feee,0.001446315481535064
ck_152671fbf8a9a78e,0.008262515682082519
ck_ee7a515e87d17d4e,0.00013921295684391752
ck_f7276091bf513d22,0.00014564952375850968
ck_4f05daf1cf0d5755,0.00025658010819870224
ck_83a69c4a5d55ef19,0.002078578115832081
ck_c50fed2a7c9198c0,0.0008266237263296388
ck_70d19d5650ddc8f5,0.0009489771035465324
ck_4b4d99e443618904,0.00045137292253665814
ck_dca0b6ca93311ca2,0.0010752618207113926
ck_b7431d4706461ec6,0.0003427292686883092
ck_7b59d22cadef3b05,0.02675771957395765
ck_53428573abcd606f,0.0009528889143674526
ck_f538ab6aecf2adfd,0.0001251037594171017
ck_d321249fb065d2fa,0.0023443453783161725
ck_72fdfc7e6d8e1436,0.0007864003030520278
ck_b52b99dad89ecdfb,0.0008712274252115888
ck_d2d4282f9d256b3e,0.0008025511910846291
ck_c8f2a1dd8a6141a4,0.00021967407915603204
ck_8d38747058d0aeea,0.9140285815796005
ck_3ac528caac74f563,0.00016107902565387877
ck_8dbaaa00ad829ca9,0.001183011535969841
ck_7c38ec898f0fc21d,0.0004715747977643172
ck_8171ef803f5ff604,0.0008294638177869816
ck_01a750db6fc1168a,0.004308848429154145
ck_ceb017baa26e98c8,0.0018361085599172121
ck_e2c66c72cc0b0f78,0.0015727067961445896
ck_8d9518f64b222416,0.0019835665664613513
ck_804c5a1fa5753617,0.002289334248925186
ck_fca7cc9c42695453,0.000698236805980423
ck_3a632cdf2c19051b,0.008166729283207361
ck_b2b63ea65edf1dde,0.0016520043834284698
ck_27b07021500ee841,0.0001813719772150881
ck_9724718fe64c6557,0.999495784405991
ck_2786cbc3e75ec034,0.002219202377059823
ck_d9c2622cb6df380b,0.0005405477430407025
ck_ae1da8ee98e402a4,0.00013460812634953368
ck_62967b91504149f9,0.0009296244433533854
ck_6b255bf68709109a,0.0014885526017240358
ck_c55afc68421d85e2,2.809426885839513e-05
ck_7c7266f6ef2a8466,0.00024124062323904082
ck_885cf685a9541190,0.9583653745079312
ck_1a4bb7d3d2ee3227,0.014953489186931661
ck_b4911c42f3bff740,0.00015633310515297228
ck_66f9f78d4c6a3edb,0.0007288618822208097
ck_49bdba9ee1899dfe,0.0004922977310337164
ck_79b235d51718435d,0.0010143210418839857
ck_d840db8cfe2ef6f1,3.553358884808604e-05
ck_610c7bcc1cd7ecb0,0.0006602107850361174
ck_cf49b6544aff6c50,0.13298709243024737
ck_de05f97c3d40dd1b,0.0013978473773756498
ck_0302f67d75973dce,0.00034593529231034993
ck_54c2604c9ca6256b,0.0008819158998452743
ck_a1c88c0568f142d0,0.01403009113634254
ck_5d72ff6cc2963d1a,0.0004828725493084988
ck_0446920a1004c596,0.010448704791967663
ck_71044c29ef071570,0.00029844440165584967
ck_2122e9bb1afffef7,0.0002800214411183701
ck_d1e3de178601d3c2,0.0018596784822344288
ck_bec8324a3587ef04,0.00032513371861024983
ck_b616b6f45225f319,0.0015801225067333558
ck_ce1e695884511479,0.0001701452961916623
ck_a662b4bf900781e4,4.003243467784985e-05
ck_b5a84c5547378c10,0.00023245571343311544
ck_f80af368cfc6cb7e,0.00746981305634189
ck_da3526ab6c5c884a,0.004584963680425809
ck_bd20be9a3392d79b,6.267557963725523e-05
ck_b8266dcd90cbfa62,1.0025343094861993e-05
ck_ac84b33304362c06,0.00016256253573181464
ck_794d8935a895e33f,0.0011017638192427725
ck_8fea7d915259f1be,0.0052691343193427345
ck_7a1519ad5ff45312,0.00010578952549040131
ck_9bf3ce30b65f75c7,0.013699755480410572
ck_5f864d72d1eead99,0.024987654891004216
ck_3c48e0cfc2a58041,0.025367864933513274
ck_d902183f80cc81fa,0.0003510979951979524
ck_539cb0d117db8cd3,0.005171780543971287
ck_28f530aec8e77130,0.0004754000606255411
ck_e7d903c50d353361,0.00010918590388121906
ck_d288b77d1e227970,0.0005532156457435319
ck_017208fcc01b5d40,0.0001577278390436846
ck_7e3923d278a5106e,0.0010203458119735632
ck_9700a00ff9e66216,0.0005602257903184089
ck_5c36c78b7a4d138c,0.00016202241581046443
ck_c457e9c9224b773d,0.0018880190877667198
ck_1dfa91405d7e66bc,0.000126050467908051
ck_f1d8a2695a575e56,0.001787163470711146
ck_3b92a46daf8d00d2,0.000519393519348628
ck_aab23b5470469649,0.00034389095631652794
ck_ecdd01a391610d99,0.0005850191370790494
ck_abd3aa292f8edb4d,0.0010938416670189734
ck_7fc9a0776e1339e3,5.1795784444851525e-05
ck_c0389ebeb0e65cb8,0.00020791861948560626
ck_48d0fc4f6a2109fa,0.995518817542775
ck_571dee4f3336c7ce,0.0012494114573563125
ck_4cedf26628c84f26,0.000705534937193637
ck_63356762d24aab81,0.000708324446116085
ck_2c5bc11bb7ae5d2c,0.24120415011630061
ck_6d26a152f900fee8,9.096273494111003e-05
ck_c972b0e781efed3b,0.0003581020407038255
ck_fa0ecbcf9a33d6ce,0.00014072021419232923
ck_fa3a766e49dc77ae,7.90285043194706e-05
ck_7baf1e55db0dc558,0.0003779244488622064
ck_e8bc49e6494c1f37,0.00021231749776294074
ck_8ef1d05cc1e53e7e,0.0008670123088533588
ck_cef2a485a77e0723,0.0002824133568859667
ck_228a583f23abff48,0.0005801244942919552
ck_ac32c6e374782b27,0.0028951556815109874
ck_b9485218cef413f0,0.00114381069611911
ck_7f15503048915d6f,6.752297966493252e-05
ck_b62f5144db15ad34,0.000697402543112982
ck_917d82c552f95a23,0.00022512923151583766
ck_fb4797045077bc6d,0.001063656791554445
ck_2cf8a44e041217de,0.2242685241837809
ck_b7dd681eb3d2ee38,0.0006438927255927136
ck_e9e8cacd2fa35e79,0.0034548280187222313
ck_342a79f91de5d1fa,0.0028927760760462475
ck_2c91f62c05685ed7,0.0009741404386406936
ck_e30cb64302939f38,0.002531267470898915
ck_d0e95b90ba86da10,0.00018583334147747788
ck_1774faf414a5d49d,0.9931082173880161
ck_2401e8ff89e574fd,0.14493046489637793
ck_0cd8802264e0a1ef,0.0006233089545115967
ck_da84a0dfe947fd3c,0.0009772821175957503
ck_c8affb27ba7fb5db,0.001786123314376516
ck_bc7ece8787ca7200,0.0025865003217154575
ck_469a0578d05990c2,1.3087949392355286e-05
ck_eef67f8dea702338,0.0006685471986207789
ck_4f490e379e9ded9a,0.0002195696504225791
ck_354379de065a8ff8,7.661862127078515e-05
ck_5db1cb368bc41ac3,0.0007757025428236198
ck_9b1c3742dd6fcb8b,0.0009562619713370071
ck_63ce4f44c92d7143,0.02149278121782866
ck_e15e3390f5ed45f3,0.02927981673558695
ck_da645ea91d66aa6f,0.004825895331828511
ck_834ca727df855f07,0.009368074558319771
ck_e1d5ad20c737c745,0.0021513988871989043
ck_ff8059ae5fa5f1ee,9.828302580310872e-05
ck_8bb9e75393954a1f,0.000591641980336654
ck_4e1757d1347ab387,0.9998336701979561
ck_af3f74b1d75a5d95,0.0021892226609910637
ck_6b1ab0742ff04c3e,0.006522705698935802
ck_f56073911c9f1ab7,0.0007698627638297393
ck_51bd5f69b4fe0b92,0.9957726304012333
ck_fc3d95030b81f416,0.00023152420828838398
ck_cf78169633a1600f,0.0002560460718932435
ck_ad7269eaa65c67f9,0.0006830457442242885
ck_cc6d33890d47a6cf,0.0023218774703010216
ck_bc8f31f4a2ffa1ae,0.00013679844882963138
ck_720776a46e56dfa8,8.999769719746095e-05
ck_e2d1f212f259539b,0.00018181088362629257
ck_eaf6f7082c3db2bf,0.0010244261810645927
ck_773efe58c6278c3c,0.002549709136089203
ck_c4a72c09f2fdacc4,0.0007042418411094054
ck_8982888dd6611143,0.0006089432095321677
ck_9d5049e195eda029,0.0001308621858339012
ck_de58ef6f9fe2b546,0.0001319867449094477
ck_c0b50c11e4f5adf7,0.0046731090415193955
ck_ddaf228487858bb8,0.02251180437726998
ck_eb2323215ff70362,0.005531494094441784
ck_168c96a1a636ea15,0.00034541694849868224
ck_9c46711b14d9eebc,0.0002704652382337148
ck_de8af660806b97b5,0.0006399066434545252
ck_6ab83f45bf16eaa6,0.0015872155150023035
ck_bf2228a052815840,0.001148682711399732
ck_3f943f20a9da9bff,0.000615970665248733
ck_3baae40454c00938,7.900643914998554e-05
ck_bc2e771a1d8d2dee,0.001322751814111065
ck_e55f5ca37f30ce8c,0.00015418750388095619
ck_4ad5937bef176d89,0.0021946897640744614
ck_126531a9126c17c4,0.0002239175369623466
ck_7ec423cb56257516,0.0003525573654086864
ck_54748ae0f2daaf10,0.001344033531607262
ck_ff24776280ceeeed,0.011817169208463003
ck_3c3a1a1365741bba,0.0014080005912284197
ck_615277c8a4e2b18b,9.411914039145761e-05
ck_a96aaef34173aee6,0.9572507202506945
ck_bea56db7f3e930e8,0.0009689730860277905
ck_ca491debd3b32a59,0.0012234873780614885
ck_d9ea77f4114a389c,0.0009842458976021223
ck_322ffda3332d08a2,0.0011761203385614687
ck_c40ffefe4e30b001,0.00379935297593178
ck_3b1d7648d4580bef,0.001032748857618355
ck_23981a3261674131,0.0004997141374857276
ck_11667f5b9fac7bc7,7.610290870984452e-05
ck_646bb3c7be5f0817,0.024568346143827184
ck_ebd0a45712dcf07a,4.563409799048202e-05
ck_baf43bf1bd963f9f,0.000578802733147524
ck_e0ca2c819658f6b6,0.9991420092177137
ck_f0d6633d0834fff5,0.0002342653452953822
ck_91081be0254878a5,0.0007923777981599019
ck_1325000bc7f35b5e,0.0007942919990435412
ck_c624b9063400fa3a,0.0023339081727487463
ck_0ad6fa0e23c3bd0a,0.037032239288993254
ck_6ddb55b1f23c6cb1,0.000726094293763204
ck_dce1fb3acd65562f,8.221496185408657e-05
ck_a9aa389688ee5aea,0.00010502529378853754
ck_5c5284c45d9ad8bf,0.0022162575287364055
ck_9ce743dd3e92549c,0.0008997888207646935
ck_8342e08cc2f9bcb7,7.210039507102611e-05
ck_25e551a0a8d2fcc2,0.0008855596759728176
ck_d4fd0e438c97e0c7,0.0071788365372426706
ck_ac7fe1c344190c50,0.001118192750094261
ck_ddd65711b5651f89,0.00012334155076994268
ck_ec7406cb5cbc8f10,0.00011542415636993473
ck_1c65e8d5be3b9c60,0.006142659099592905
ck_38ee42f15a573e81,0.0026008034798564966
ck_0e5385c70c6de025,0.00046865262257188625
ck_d3137f0f7629040b,0.00014763572723973855
ck_9129c92c12e0c8b4,0.0005054914629838039
ck_c86520a00e50a926,0.0004050893880425648
ck_87f82b2b5fee757a,0.0010550337160170613
ck_643abfbd7548d0c9,0.0005036231836688632
ck_be51f4e5e6b85768,0.004076539965713121
ck_132c16312f37810f,0.0008893496072397706
ck_c78c096ca8cb33ac,0.00015590900981923448
ck_2ce5afbc014763b8,0.0012555131227606697
ck_50ed8f4e7ae6710f,0.00010768566353855575
ck_5a4eb535c9a11993,0.0003304486382017616
ck_9b665ef46d785324,0.0010092721947147496
ck_e066f71f8b296b7a,0.0025837133036218964
ck_560bc6017870ab06,9.435526051638536e-05
ck_fd78f8a8663646d7,0.00013803415908773142
ck_4af5ec61ddbde1a4,0.0052772866895815255
ck_c2ed04a9d218410b,2.240174726728014e-05
ck_2455d43bbdd2bb69,0.0001683600966377033
ck_56eed7041add49a1,0.009580920003177347
ck_5f0be7b468a72333,1.8247735302142494e-05
ck_19660cec756632ca,0.009314995607616058
ck_fb90408f4892a21f,0.0009325027189403838
ck_833a65b86a5d9bda,0.0002152328213412173
ck_2ac36e1dff211d38,0.00010176908892221769
ck_c00e70606904539a,8.286896958093078e-05
ck_ba8affe4b9505a95,0.9640310287664022
ck_0c3dd22587b08018,0.0009973544675359225
ck_618c4e5cfae99dcd,0.002539795450887575
ck_c9690baddfc4177e,0.0009677138976218526
ck_59fae092fb0c4aa3,0.0004473481586749092
ck_e03b7d0fa0b28f4b,0.0005584379238998882
ck_d451d24c780b5884,0.00010294621722591365
ck_e980d325b8dbb8dd,0.0005255013896340234
ck_cff18e2d8c520272,0.0005766760422486777
ck_a0e46b67e986ab56,0.0016166847238300152
ck_3a469039a5b9d963,0.0002951101751781511
ck_12cbb211ebd2b437,0.0016678994315358134
ck_b8cdd6d6dccc4554,0.00010234829429739017
ck_794ba5921cef50c9,0.002171143043295805
ck_2c7667f64edec2b5,8.777162423398884e-05
ck_7262b4e0c29c942d,0.0002056306430034221
ck_5d818522cbfe2a54,0.0009902358713885897
ck_de39c1947fb675ee,0.022749643395418705
ck_c021495606b4735e,0.0011424700284545653
ck_1fc03ba33edd9e67,0.006761321113817583
ck_a6fe344bbf67f14b,0.0002899780618342559
ck_963762210edc5694,0.0011909232285019268
ck_d064428b7e7dc409,0.0009375098516160715
ck_59be61b53d971611,0.00011210141801224418
ck_ec8738ec663cd2eb,0.03141051984925502
ck_59d086fab5998646,0.00037429635371401336
ck_bd32dd3b2cbb7888,0.9998581201106559
ck_ce0166addb93bbad,0.0004089655057688085
ck_7c0fdfbb447cdc04,0.019369521197234944
ck_cb1bd7635968ed8c,0.0829445025956128
ck_66f94903177f20eb,0.00020301200627013643
ck_1d7cd5dcbcdafd7b,0.037857138550982286
ck_5e418a7c04437b4a,0.0037140382686706814
ck_631ea1ae91ab333e,0.001639888247531127
ck_0a8029e79a5ae7ce,0.0025289260826981534
ck_c4cca8278bdad9b9,3.4538802296691756e-05
ck_4dec3df58077a257,0.0006704492733523377
ck_609c249edd88c565,0.00037166917785055534
ck_02e5f9cbbbf2f078,0.0011684317782736536
ck_32e486859130458f,0.9941274684755864
ck_21ed2ea6386c5a07,8.087687235765198e-05
ck_1242aa4496576a99,0.0011429556885504976
ck_475ea9aa6d3898b7,0.001679159516218277
ck_fe1b1adae3be70a6,0.8168266849819068
ck_c5414d7a8031d4f5,0.001286368148034824
ck_ca1f6f01868e978f,0.0014151455247419366
ck_5eff0208c74ec714,0.00022945791518455845
ck_a315c9619a317609,0.0013181276059657753
ck_2b87683c90acb852,0.0008462078810211113
ck_7cd9f39c50748ed0,0.0025038338728373575
ck_16a06d58d71935bc,0.01131993837922916
ck_d116e0e7c19b878e,0.050439938106843975
ck_931510e384b1d0cb,6.075553418188747e-05
ck_e7651fb87bb24132,0.0012745065015221896
ck_88ef9f85948e1a01,0.0007639677460474657
ck_17bf38d51115a8f3,0.0008237523249419023
ck_2659d1d3762a2825,0.00033628229438121426
ck_a7285955e2852686,0.0003416271432322113
ck_f2c33d5b65b321db,0.0012554367414942032
ck_83e5979334345622,0.006779379158452914
ck_629537d8b4d0f395,0.00015026219026868524
ck_72022008a92c9386,0.0007770222445490562
ck_2973b8274f0bf69b,0.000796671081015992
ck_565e3418d2f4061c,0.00012957908236006555
ck_54bb53b8f8ea32ae,0.9699458805731771
ck_af0a6540ea7a36b2,0.00011149815740747362
ck_888651bfc2c8cf70,0.0002712010156399035
ck_1dedcb48ac381a1c,0.05626046778873071
ck_f73273e220296be8,0.0011825325175831357
ck_8424bf65223a5a9e,0.0001475883636247297
ck_337b930fd149a696,0.00011757460200381478
ck_8a4952de8a123ef8,0.0019156433145783084
ck_884168153c9c0c81,0.0013160465663065231
ck_fdda581aec411010,0.000188991966909534
ck_2b7cadbc8b180d32,0.24445957746388242
ck_8aa8b9968233a1ab,0.000994157055533946
ck_0af18b3ce015d294,0.00035533603236074536
ck_8dde670a735d1e90,0.004188909086135633
ck_62f46226f244139f,0.000937692507662808
ck_f948e8a8fdd79b4e,0.0004493624531076339
ck_fa00aa0f3e859904,0.0034777753383896824
ck_fc7935f784a4f249,0.0008033420180893058
ck_e7501307c0698e5b,0.00025437410740839357
ck_549ed417f2834cee,0.0020328117628588627
ck_fb2a35571ec719d4,0.827499531081901
ck_25822068c86c856f,7.76505198532248e-05
ck_8f35d229b62c8f23,0.003447747565068589
ck_bdcf049c1e7d0c95,0.0002852772549835609
ck_0aa9db36eb16422a,0.00012493481747706073
ck_42dcf92e9e016922,0.005001945370900811
ck_42341cf31c08c981,0.002861513269972833
ck_0b20bfc515ba42a2,0.0003254807889793098
ck_0ec820b670d48098,0.0014348090184747747
ck_1f0bafec397da8e4,0.0015074330238392625
ck_82f07504ab59ed33,0.005327490050432279
ck_337b24a474010abb,0.9989777720547897
ck_703703bda38fdcf8,0.00023266962488936081
ck_01e7960c63dca3a4,0.9645343409071039
ck_be5bd81e3715cb8f,0.9963967592717632
ck_197f8058cea1fbea,8.735736459577878e-05
ck_eb3fb1106f2f1b21,0.00468508522542521
ck_658b4b54be09a4bc,0.9992032472429125
ck_266ce7ccf41ccc50,0.00011853134891747551
ck_110608c3b03d4038,0.817539065142553
ck_1be8cb95d6d9bbf8,8.602600343131063e-05
ck_8e16a64a776afa82,0.006295397862081782
ck_34bd190d37eda534,0.017169256662867165
ck_4f521611ae14ae66,0.00018727343827700955
ck_d839798f9520363e,0.006793836817768151
ck_d1bbfd246c0ac9d5,0.013765260988847425
ck_f19030e6e85a6776,0.0026653517006375335
ck_cdabe60ab59f9d5a,0.01248496209166774
ck_bb84b2b30293f566,0.13921715310033403
ck_427b91925952cb40,0.0009989114965816798
ck_1078b1e155b5b640,0.00023414489936611545
ck_95fdc264eac72fa0,0.0003107596612003178
ck_e35eb857c61548b2,0.9904294691511357
ck_69bd0b1abea7e1f0,0.01139615734237393
ck_59de511b20c842ba,0.0022109409969976305
ck_168e7ea341a36b80,0.002925457041414942
ck_4937cfa6526ea138,0.00013462780297062238
ck_bb1a981306b750ac,0.0057400925110708
ck_f42a43e4c3f34ccd,0.0010267785687501666
ck_c7ae1d4b3ab38185,0.00040642475438198153
ck_bd23cf9bba1dd33f,0.0005653801352238574
ck_0fd826fad7ec7cd6,0.009235502617953572
ck_f143641bf3dd0414,0.0004218380689470434
ck_ad6d48c20a3688a7,0.0003735789074188805
ck_7bda5b5b927b2905,0.00419245053812844
ck_a337eb38eefdcc88,0.0015300834893798752
ck_403da2a2d800df9f,0.010507324397622983
ck_aa01d5aafde73d0a,0.00041370684951450785
ck_494954023f0eb309,0.00041260942419583946
ck_1c6820fc38135ad9,0.0004978766723016642
ck_0e0bab173622db9b,0.005669298923980705
ck_547090bf35a3b243,0.0032022042767071357
ck_d69455220b21dc9b,0.0019086434905700293
ck_90b4ac695b9c6bf7,0.0018876614906354929
ck_8d2afe17c0082e6a,0.0010034107261748856
ck_926b81c0ba528eee,0.0019060739697928243
ck_ce36b0c287bd198e,0.0012573403077551224
ck_8026e017909aaa6c,0.0016534924195286931
ck_dfba788f35d4c372,0.0012230444340166021
ck_f09f9d0e0886e0c6,0.0008085093790652491
ck_4ffe0366df388604,0.00014257413057370698
ck_75bb521de55644c7,0.0007744746320992367
ck_81a960fddf79ecf1,0.9958521071343291
ck_8f43459991ea511f,0.00015307497493469253
ck_f878b68d66fbfd4b,0.00012711751210480794
ck_e84abfc0c747c9dd,0.9677545974435768
ck_3ad3fd3cceb56b66,0.7821596630947882
ck_7cf562578c7f158a,0.0008290569938175553
ck_f81a97d350397306,0.0020186854549121692
ck_255d87b7fb40caa5,0.0011756094504669818
ck_b3905153b9eee924,0.00023124551210303648
ck_2c80a592fb4cd6a3,0.0002086311750599786
ck_57deb202d4188a29,0.00025907052615744414
ck_e3cb5f31d8e94448,0.9993526253731659
ck_0db62d5f7f75f80f,0.0007075754031659337
ck_ced9163ea85589ea,0.003615013583344774
ck_e16528edc694fb33,0.9989657614209886
ck_78cc5ec4940fec3b,0.00048080099461849225
ck_31742076e9a998f8,0.00035746634578865126
ck_5ac335f02280271e,0.040381742376832515
ck_7cc2e091806cfa5b,0.0014070635675715263
ck_3152c7115257f084,0.00015421727621887146
ck_ab1b9d019921bca7,0.0009035404753935227
ck_c33a762d98f9b290,0.0006863401169442453
ck_b16a7c51b6f7a6b1,0.0850673103574691
ck_97402a153348e68f,7.493643487615415e-05
ck_95391029a21caa24,0.0005024482410095137
ck_c2015a1200971fe9,0.0033775326068738918
ck_ed4427962c68918c,0.9945185820659959
ck_c5e4a17d3efb19a4,0.025590262112213095
ck_8aec3d3dd51517c2,0.0006388763033154587
ck_f5178a658225d8e4,0.0004990765534676182
ck_8594f165e95316d2,0.0007295591799056266
ck_f0c4aac04076a6dc,0.0004690150913646735
ck_ac2f7397801036ef,0.00039492474318543285
ck_d1ea4bcc407c7d5e,0.00041723517821692045
ck_cce8b6657a538fe0,0.0005261280710046985
ck_66d0c6d6b67a8d58,0.0005820620653209287
ck_1a6b30320835e57e,0.0003928779988884191
ck_8cd274cc85aa35d1,0.004718732436803622
ck_ada46085a78280e4,0.00014166007300830553
ck_ce1b06623e4a815e,0.000878117476648178
ck_45e70c8a9686580c,0.0009945500509700108
ck_0084d8ab6b1044f3,0.0003971645234705676
ck_a5f7b6fed6df2aba,0.006706945091194694
ck_94940d783e7988e6,0.0030797439832128968
ck_00f9ca84d1d8ae7a,0.00024016052017973526
ck_0deb56f3f6452818,0.0016885639076164045
ck_a58e900469dfc3f0,0.0002111026686472431
ck_028c41b195280980,0.0001405406132948578
ck_7661d7ceaeb19f97,0.0005129464809832931
ck_6957905a65c47879,0.0005922783518043987
ck_f7c6c26ef3c4ae06,0.0007699687031334188
ck_8777beb11aabd66d,8.39206797923852e-05
ck_7db098a17374bbf8,0.9408441095565031
ck_66aeb00e44486cda,0.7403684596315555
ck_838c52cc1d315ec3,0.0015252380092451
ck_1745847cd4e5dc83,0.0022304378365888807
ck_201687857ec8b3cc,0.0006086914642801544
ck_81818169208a8cda,0.0012099733309993569
ck_3303fd3f64632c7c,0.0038473615577709398
ck_edf1096809e83ef8,0.00020545765547680538
ck_235ce9603c7dccbf,0.013883686861436617
ck_9df7e153868bca13,0.001280298842066673
ck_3cfeade2cf270fee,0.000532570089620777
ck_982b0bf2e2b6c4f7,0.00029810926034042984
ck_faeb0da678bb86c0,0.0002437900892868936
ck_e86ad2fe815b6ed9,0.0008267841732175942
ck_70d69e5d1bb99e85,0.0018997985132911289
ck_7e9a8924eab779e6,0.9968387545333475
ck_019d5891103e7da3,0.002747786597930796
ck_14f0484b3817eda5,0.00012269813459225964
ck_85de63d278f0fbae,0.000385104386121069
ck_ae91b4cff57fb3bf,0.00021369652994563857
ck_2a6d43b9f883b78e,0.2800168176758883
ck_7a4e3d553e8ab5b7,0.0027818878842908617
ck_fdf89dc69f700f84,0.042135584380834715
ck_f92e04024bf13558,0.00044378589994276894
ck_4a522ca2dc4831a0,3.948138397864326e-05
ck_68ba25dc3385fea1,0.0018027960189549747
ck_22128a4f0d033422,0.0038538709239952632
ck_5b52ee0a13c71590,0.002042244118989916
ck_59472d17debedafc,7.924976993209644e-05
ck_9dde2c63acda3ba3,0.00011889597008148834
ck_7510b1023cd08531,0.005527576558408627
ck_071ddaaf2e4e3671,0.00017363968827329733
ck_1355db6f4010232a,0.004158480561582767
ck_0a7adc2f27f98510,0.008504117852066752
ck_68250033717cd59e,4.4703930482981554e-05
ck_7c12de74de30b788,0.006868774198476991
ck_65491367584c730c,0.000271945532305277
ck_e9047964952bee70,0.001537490368692314
ck_5567779d6ba184eb,0.00046080865553820607
ck_d6ea026357ec6477,0.001038280621808604
ck_cd7dcc884e283746,0.0005225054727558327
ck_0bd77fea8ed75a15,0.00029796082864701537
ck_e80883208e8d0453,0.0001511172296567636
ck_2ad0ecbacd5acf8e,0.9950483718710009
ck_6c1dbee7e8fdd5c8,0.0008015383241807977
ck_ee4d9a7449515908,0.0002871867975478549
ck_636111f7f030496c,0.002659834129887286
ck_2c629c657f73941f,0.0016822791778985046
ck_c1c9d3842d758420,0.004071550509751437
ck_e4df7faacdfe8c40,0.002421460733210434
ck_94e8142728e44380,0.0023197296024807775
ck_765aaf42c5088545,0.00048720320218972125
ck_e0f845159b6e6a4a,0.0006184985766342168
ck_5bc07deb82edbad7,0.0004685209231642857
ck_713159c5c6a7a4d0,0.9998436993102431
ck_b08afc91d9ca55db,0.0005364242863281906
ck_a7bc323ffed2ea97,0.008688715964245178
ck_85ca825f905a34a1,0.0015242239830191569
ck_33160c443d4b3f19,0.00030728504898370584
ck_832d39c590a3ca75,0.9838108844350689
ck_7d1661a34164406e,0.9932185485538415
ck_c2466fc40fc9d5ed,0.9973435774119679
ck_ed0e776c0926ce67,0.013853402490880804
ck_cdd2ebeec75bfa69,0.5880226282919983
ck_d7877684c7923ec3,0.0013927914433270474
ck_7384d4d2406aabf4,0.000389093631859042
ck_b8e5244e650aa81b,0.0005668133072973268
ck_25a1ea40b2d59254,0.0002201170901529972
ck_b9e5b318ee4de68d,0.00012446011935479955
ck_620d7ae27af83cea,0.0010925259000133314
ck_40b4e264d1a12b83,0.9950948718181787
ck_b694c803b62862b3,0.0004177320994150378
ck_cbeca201dbade3e5,0.0025762295460310678
ck_f9b439c9161c3e52,0.003155904858280147
ck_9880410fcd10a28e,0.00030262691858001366
ck_74928f5f91aa12b2,0.00562070416741128
ck_b6673bbe61d2680d,0.0007107037702648482
ck_53c8315b5c30acb4,0.00028979256074879915
ck_78f01d78ea79642f,0.0024168847217812253
ck_8582490d6e365a63,0.001156811341249759
ck_af25c72d16299258,7.406672333557368e-06
ck_7905fe8e257b0449,0.00284753763397566
ck_0d16d9349e4a9e08,0.0011499282394997576
ck_31b16b8848584e98,0.0015996703592421556
ck_67207e3eecc02d76,0.0017012608164605554
ck_e6b95ff91116a592,0.00026072218083188046
ck_c08f622bcd6de6e7,0.0010538855834516527
ck_f9a68da9e0f0bc85,0.001529248488165683
ck_4072b59388976896,0.0001521911782621949
ck_8ec86e853ad52828,0.0038516709162335918
ck_4fecb87eaffd5cb5,0.0003264992421572785
ck_d6880578428b965e,0.01411524248243864
ck_bfc82b3c1c9f2897,0.964929009703029
ck_c340644176ca03e7,0.00016777984295839008
ck_321e740066fb05c3,0.5135233923767498
ck_8929d2eb09872052,0.007243970213504656
ck_205c107cec528414,0.42300485416259137
ck_e76db7d2562f9836,0.0011663640982713327
ck_9ede51c8434cff6e,0.0005802637254405348
ck_492e4b89c61b7b6c,0.00014312528158837387
ck_9385f5a1eeebefcd,0.0009341854129921001
ck_ee52c7bf88f952ab,0.0001294638350959731
ck_d8116c34302021d7,9.863357552935578e-05
ck_01645ea51972e99a,0.0023308745058275766
ck_7b45ed23304a854b,0.0006124282901358378
ck_2096d32f3d497ea1,0.0074307212189222566
ck_dfbb2056f1ef7d3b,0.002608187526229458
ck_938ce30c864bc7df,0.00010439154983220532
ck_ff30dda2c881a4bd,0.00372033590304562
ck_f88c79186a082beb,0.06400584254869117
ck_08c7bb0f9851cb76,0.020878415566927943
ck_2675e7a008e584a7,0.05285759495126006
ck_cbaf8a954281d4e3,0.9981155054590231
ck_8b24eadf6c72b30c,0.003278605772308915
ck_ffc8e3c1377d0706,0.00032980619604488267
ck_5b59e859bed5b40e,0.0008421784316401622
ck_7b61717f172f9317,0.8400129201697626
ck_e5c30947b732f661,0.004229856216535733
ck_bc273f3ce79f7e1a,7.898829870736187e-05
ck_f69e93388b3028cb,0.0353102328600499
ck_3837ad850996ba60,0.00044236429414804234
ck_36d78ff3bc033ee5,0.00018997094897462875
ck_5e20953547ba4135,0.0057016904117762795
ck_258d661e450ac870,0.0003200764383915804
ck_1df66f537496ca59,0.005368767446815697
ck_361f535599110201,0.0001235781851307299
ck_337e98c69f6e7886,0.00020776840821660087
ck_d3d5b2717cfc3913,0.0018218093535841441
ck_b1dba768dbe7affe,0.0006164302292962738
ck_92d782bd9ce0d1e3,0.002645796187651951
ck_26bd0f8898afc8ba,0.00017480956746707057
ck_7916e53daab36745,0.006771486803896057
ck_2caf553b31831a50,0.0003549890035595852
ck_c6200734c7f9b2f9,0.9832366772619162
ck_cdc55623cb16e6a9,5.911652312381525e-05
ck_57849e15b61c43b4,0.0002517629816466338
ck_b7af9b2ee0eebbc6,0.0008468907351318527
ck_00aa5fc3b3bc66aa,0.003848597184482632
ck_9929723f65636c7f,0.9994205566468463
ck_8f6cce9f69912983,0.0003160562802898656
ck_c422ba389ff00781,8.261703688823932e-05
ck_9ec7f334604a228f,0.0005918029143915064
ck_5d01200ba3341462,0.00013310708366970703
ck_2bf10be403849c9a,0.00027503450886104153
ck_6ca018259f70858f,0.0002225120021016595
ck_a54dc042ebb7c766,0.03279975139101082
ck_79da63fc100830b5,0.0004592365977002562
ck_67ab6f9e05c85085,8.173429098432881e-05
ck_fa80da579ea9afc0,0.0006834904903801093
ck_4339f86c87289222,0.8386900894608635
ck_a2299b4f530be0d6,0.06444342390601743
ck_19db0bf788697c2b,0.0010540903179953134
ck_fa4211c4d826d830,6.824552664140463e-05
ck_96100d5e8e051e91,0.002200183000125031
ck_5c3a671883d58b3f,0.00010638490431636661
ck_2d9524787cfe1ab3,0.9768281936874903
ck_47ab8e51e5b3a2d8,0.0008036973557635585
ck_c924f36bc1bbbaa3,0.0009747742979472779
ck_5c58e7f8fd55e26c,7.335526811654945e-05
ck_a07e7409d6d5aa06,0.0002571096175532207
ck_c8413898f5f7cb7d,0.002367540721459229
ck_577c816b41cab002,0.9917799208867548
ck_9f7807ed64cdb728,0.001017530489593871
ck_495d814d6d6d521e,9.847364499681673e-05
ck_7aa8bc018c2b003b,0.0014844496682226804
ck_7c3a6a82f3c3241d,0.00021012297158291984
ck_487f7fbc290e4ae2,0.0009054546168564593
ck_e556c4d36aadbe03,0.00021491406105752942
ck_7e6569a1b2455cb0,0.00013933049743158893
ck_de2924955926d046,0.0007042014517729055
ck_73d60b4630e3937a,0.000578120490006021
ck_805ee564bd35ef15,0.0012289852638691587
ck_0d40961e47797027,0.00033401323789202094
ck_f06d00a4f9c87d80,0.00029521060385591456
ck_5ef50fb07b6737d5,0.0015259222312600594
ck_16541fc15683e21c,0.0021405193561393433
ck_09fd43f1b7e2eca2,0.00023948606730834799
ck_2a2c336a69b8d68d,0.15892499589330986
ck_2685f38930866af0,0.0009106053830069049
ck_298278a9da874437,0.0036837279234256453
ck_00bd7803f2530c68,0.000297838102412091
ck_c2b4a1d8c0b6c1cd,7.378736532622288e-05
ck_2acb54ca20c3af6c,0.0007934263552322764
ck_e3d4b6f681c783ab,0.0021951129778685122
ck_f90293f1eba5d7b6,0.0012377704133127877
ck_e69d27e8965df0be,0.00013580434555298198
ck_b7f5d10b427346ad,0.0022286151983618137
ck_1ce20e4223a936b1,0.00017950468107815907
ck_6b97d1ab90f6bdeb,0.00028050931798971276
ck_e30e17db5473c7b2,0.0017637710659383378
ck_154c8efb19dee665,0.0001325078882828696
ck_6f5bb0c930644cae,0.9996340557356851
ck_9e17699baa83d173,0.00021746741790280914
ck_9693b1eb70880205,0.00038179172414448524
ck_1e97899875bb427b,6.58431314500157e-05
ck_558a82590f65df69,0.0001411545528507654
ck_18df83242ff3cdbb,0.9528600399405383
ck_80ad4396e1084c68,0.006635789028895977
ck_0a993bc947bab61f,0.005944320643092206
ck_5c2d43ff841632f9,7.422902332293512e-05
ck_6e4b99fb9725d9fa,0.00034141780571551644
ck_e0983999ca26c19e,0.0022354625375857863
ck_6573c4947cc8607e,0.0019942149965645308
ck_d879d645d6e44207,0.0004102356021228399
ck_1375ad9f10688e4a,0.0004564859052882503
ck_7501ebbf4e21f160,0.00014608804394249285
ck_ca60d61cd4dc3bea,0.0002957234772562961
ck_ab9ea095a5c58b4b,0.00018305794900046668
ck_23756522b58df5d8,0.00018064971685615542
ck_90bc176c43d85fd5,0.009526197511383335
ck_908b663b2dda94ad,0.03397460816022037
ck_4df2fb8e4b649e27,0.002025039876565883
ck_5615c6bbdef05291,0.0024805510398933743
ck_b62f3e3185251f71,6.521134276260489e-05
ck_38d1a22850178f33,0.000252166194794732
ck_5b3ba20c8bb1383b,0.00034677373881643786
ck_5576ffc6aaf6f22c,8.637937267308135e-05
ck_cf7a022178165e56,0.00026548042110252407
ck_f2c7a4c50e2ede96,0.0015699182293438193
ck_285719c77eadf915,0.00019525580390125218
ck_f2aa1b677619ab19,0.0006544724450305392
ck_3830c58d841e9e69,0.20161929998582778
ck_32eba3510c8eac5e,0.00017430989791127207
ck_8955d7b9030d5eb5,7.821756316967871e-05
ck_6775e387dace7525,0.00020474675731250135
ck_0a0cd7f4be606a93,0.0018681950560241703
ck_a9f700eee5d638df,0.0010285134875739
ck_3d7db96995745472,0.000437317349067621
ck_aeed557007d52e9c,7.602654563055778e-05
ck_79b6a86830156b5a,0.0007203902980027489
ck_6a1ff9d69466181c,0.9998749582285533
ck_f11b1565f986f5e3,0.002373316618970822
ck_4819327a78615485,0.045316726417201074
ck_3ed9e081959b2f5c,0.0002755001428313501
ck_16af4be191c47d3d,0.00026833235565192266
ck_25122cc0e8b1a662,0.006957321252199554
ck_509c22828d467ba3,0.0036287797682729244
ck_31109c899336348d,0.5648021637112051
ck_c51131e53baa59c7,0.0002855771874389908
ck_cf8ecabbc61d3e11,0.0009346049921123504
ck_eb6baff0f85ba936,0.0007972910754072702
ck_777669e2243204f2,0.94660143603894
ck_ac0ea27e692acdc9,0.0028393510172979625
ck_4c6ea04ce8ca9e2c,0.00465648471711568
ck_ca54b32fca7e94cd,0.0004485576904782105
ck_4dfd8947f540eb24,0.00026502982132243857
ck_95aff1fe27fb24bb,0.0007148325833606302
ck_c7550723b90e5615,0.00011288150353556901
ck_57b3fee69bdf85e8,0.00031395030712673725
ck_f823407ace7ff064,0.0018687591894020865
ck_a69084a068bcc8aa,0.0005385817331767923
ck_c7b17f7b24bef5d7,0.00047761297288056277
ck_7c4e588f927c27c8,0.0010231874005609911
ck_77fdac602d0c6f95,0.0017444076573738428
ck_e963d8525018d072,0.0004972882216533852
ck_6e8ebaea8f7bffaf,0.00031108592059625044
ck_aa42976a31cb7770,6.057614787084929e-05
ck_22c862a496008c96,0.999889549406855
ck_527550dd15f38782,0.0001828411276307784
ck_b3ab3c210e2c7c19,0.0011028985079131366
ck_ed9c56fdb9f45ddc,0.053621896671092864
ck_b53281da70defcfa,0.00018876550405282669
ck_03009b721568ee98,0.0068940455873597855
ck_3d9afd862b3f4053,0.044476200390767905
ck_ad3c4be96599554a,0.00014069774150235955
ck_d1c787c27d50af49,0.0007609742971019502
ck_c7a9c7b2eef46a99,0.00038254090421146477
ck_53036d3c6c74446c,0.011337870118768762
ck_1b1efbd9c0964c8d,0.0021380303669145495
ck_d66f42a269d5c1ed,0.0033344261326735346
ck_fefc49a2b8ad993e,0.00012367262085244085
ck_8b3b874249adece9,0.002215103107592763
ck_193d9c87ad3f1dad,0.0001399639803178557
ck_0c6a50d747593b7b,0.00019322569685373937
ck_c830f3830875b47a,0.0004915044765135834
ck_79e202f06d8dfe42,0.006014820669219028
ck_5c0fe988b8aa7fcb,0.005089074306881868
ck_a8382d8345f21e1e,5.4626253770345864e-05
ck_8cb20053914692d0,0.0007200606136699245
ck_1da2f69023ca4c13,0.00013599113459917438
ck_38abb60995114f8f,0.0007329188537661196
ck_f5791fd8fd8fd191,0.0001305020540653641
ck_a4e6fc391b674335,0.01672001665795845
ck_bd771efb4a7e15d0,0.0001215022165384
ck_38ba4a6b6a292054,0.0010507400988444917
ck_f7a07283345a0dce,0.0021504641611556825
ck_87dc484baaf5a23a,0.00011252211283590597
ck_c84ef83489badbfd,0.0022505057672349707
ck_a397cd64ec5d644b,0.0010100926387726738
ck_7977135c2ff61e92,0.00012939134540630517
ck_52174855b243a8b0,0.0011424486074579816
ck_0f35e930d0614613,0.998330749849108
ck_b170a7db522a0d6f,0.0022131838939101105
ck_7af748a23775bd54,0.0007836725590343451
ck_52f641c9ee6fda70,0.0006046075379163515
ck_c3719a30414bbb4d,0.00020506713841082517
ck_2baf214ad6bc0dbf,0.002106035069852373
ck_8b39d8aacfdd72b4,0.0188187890214565
ck_d39b0152116203be,0.0003603707879164541
ck_ed33f8a937f9c7c8,0.0003360273102360194
ck_8ef97b55a5fd6ec9,0.00012911679852339067
ck_8247f008a14bd1a2,0.0004868625737873798
ck_f0d349d68249d5db,0.00031114713428175543
ck_a544e766540861fc,0.07566511013945172
ck_9dfaca4c7c80b10d,0.005989202541095985
ck_7e5401c362b2216a,0.0001779946736962712
ck_64ff60c073fdb6db,0.0010788452651673225
ck_fc5ea49518e5d637,0.00024094949349254545
ck_580f136ced341298,0.00021076562043769766
ck_9cbef9bc95449dca,0.015889875334753712
ck_e475a3b8ba870a7e,0.0006914461202169875
ck_97e94708bcf43563,0.0001531574860528664
ck_13f03ec785cbdae1,0.00018717507840099496
ck_152820d8817f478c,0.00028845582480254713
ck_d20d4ba60eec9945,0.0008759157231126366
ck_5c45968a805132e0,0.00103147525219502
ck_bebea2cf3063fb24,0.00011756664317178003
ck_c3c69aefe7ea1d2f,0.000549642473744186
ck_02028b72f26fe855,0.0003240234329437823
ck_dfadff70a58a9133,0.000127213148899068
ck_6482ed4491bedcaf,0.00016701646982361266
ck_754cd7b4a5ae3f94,0.0003127369227616512
ck_3132857aec8485bc,0.00011489035418747627
ck_7ce4ca91b8f9f1c1,0.006204979859489252
ck_41938582f4351772,0.044680368760565345
ck_f87d66946252476c,0.011351070253330825
ck_8053f1879a9b4e43,0.004211032074734676
ck_93892e91387f5103,0.003257099862704722
ck_15254db133b28371,0.00017354264743077148
ck_d557b9feb241b3ec,0.00015834261281644972
ck_71c3a8e4c12c989f,0.00021464688889770772
ck_80e3041811033443,0.0008051510357380881
ck_3380d60067b4634b,0.0008700439974548967
ck_a9c2cdc758df8510,0.01342994849699124
ck_3c0031d7514da17b,0.0005127014688557351
ck_18d214b1418be39d,0.0011648793220281838
ck_7ce768407fd48321,0.0012448292053679035
ck_7a50abd42298133b,9.120894131487201e-05
ck_2db10f987d137582,0.0011029066150455168
ck_e077d004cd1d80ae,0.0010223149183037786
ck_1cb6dc67f9a321b5,0.0002761927169792295
ck_b864f64101149c35,0.9684489624781241
ck_9bedf54df9418e4a,6.099239158371039e-05
ck_c47e32c47f0e6578,0.022396542811314167
ck_71f382d5e338daa3,0.0017481794519145228
ck_14b4bf7be6ac2b61,0.0009709447083195962
ck_5c87eea1cc07cc92,0.0017399689514746319
ck_5f445182829ef342,0.0022051826580016007
ck_a5d7311291caaa54,0.0023600947413461833
ck_b7df99aecef385e6,0.0012403230230349776
ck_3327a0582407068b,0.0008268956416786349
ck_08dba09fd7dab896,0.00032455960227076156
ck_f4ec334be5266378,0.001873397780819732
ck_240f7f894c5a86e7,0.0003944556180991772
ck_a9d994554fc14a02,1.7372321948359376e-05
ck_13648cbd306eee6d,0.00016146989997904276
ck_601edf9105b3c321,0.9991004690847592
ck_9527adac182abe57,0.9202878064636048
ck_4e0e80f5cc271bf7,0.0002987370004108609
ck_96a89e720176b389,0.002273367546308085
ck_63560eec94b76d2f,0.0004492107732343274
ck_c9c99e5b19aeced8,0.00019135888350851408
ck_bc32655ee5ed643e,0.00021397199579432845
ck_edccb5a93b741744,0.00012038763203231059
ck_f786cbc987b70930,0.00013333404170533472
ck_0e8f26536ccc8947,0.0029448287595083256
ck_b87ef4b98cfcec4c,0.00038936813073992357
ck_1a9235812de4b2c1,0.00602594402375422
ck_d1ed88ea4211ba4d,0.0005150001547167672
ck_a4ddac49657a4450,0.00048574107833510737
ck_d9ffca35188e49d8,0.0014255836480264997
ck_3db73bbe03c3d240,8.870702272300107e-05
ck_fffa0622344a36ab,5.620385555765677e-05
ck_148c28df51bba5e9,0.9683667892869188
ck_076cbc25c8f15fc3,0.9856734618834636
ck_e5ca550b39ed45bf,0.9587388938281869
ck_8dacf3a2061ca17d,0.0003799276952152572
ck_2d7394afd61643d0,0.0008881622362909315
ck_e42206e91f6a1752,9.977588296089614e-05
ck_2f4f94827984c426,0.00014073232181280784
ck_edfe8e90e8f4366e,8.655765702252564e-05
ck_646b15f753e5e9c6,0.0018818281531656224
ck_66600620149c8799,0.00026609054471572735
ck_4ff6fc70bccfba96,0.710806162052689
ck_41af3729590c2484,0.00011372260336064491
ck_920a48ba8c583e96,8.441135958580397e-06
ck_0253b3e7be021306,0.014600626173697947
ck_2ae6949246ea2648,0.0003397984503601294
ck_db23a5100f338d72,0.012116763764017352
ck_fcb2a559474c3493,0.000626136504397025
ck_0a4d7acd2a53cbbd,0.0011665304981375124
ck_c5d62b2b7a6f3bac,0.9037186805867563
ck_cf59f4fc0ea690b2,0.00011956643682283501
ck_837be8126bb19250,0.0004640505219053303
ck_58955542edee1adc,0.0020309809830196283
ck_1b93381d8eea58d1,0.0002926818899024731
ck_97b8e05d62abdc14,0.0010509572508810173
ck_71a0d645744302a3,0.0026744587741070205
ck_a7b57882ab66b111,0.00014737638867930652
ck_65f76421be648549,0.00012057488898373846
ck_b53ea8713d32ca7c,0.0003047335584614282
ck_991c4c924a1d85ff,0.9847236851673664
ck_8432ccec1a4ec7fd,0.9982856941150471
ck_64c1633297f43788,0.00034340424493339226
ck_4291fd9c1161d8e1,0.0012006042969858722
ck_5e98ed6391d9f429,0.008928472179647833
ck_c7baebe4549fdbb4,0.0017318906460753191
ck_6e67225ba59fa5ae,0.0003961620131005913
ck_719602def4d35fe0,0.0005798661606731696
ck_bdee7c86f5ebe81f,0.00039695086732223424
ck_8de38f8c7f91961f,0.006423554237530445
ck_b0b5bf9254700402,0.008478028458952758
ck_7b55d9bb1a250d4f,0.0005190323082414691
ck_3954b7b0fd1d6614,0.00010951252591221671
ck_f29471fe7c818d6a,0.0012042020497921716
ck_9e65a8a2f587691a,0.0004245080023835671
ck_eaec5f1a83b66eb0,0.001209668641091653
ck_004fe0daecbe2c1a,0.0026305177156242506
ck_d17653a4a2d4a79e,0.0008525600378825194
ck_0dd417fcbf19e424,0.0002510118171035826
ck_4c99a6eadea143e2,0.0027460124584922745
ck_74d602c907ee9119,0.0002622117572739252
ck_1aa87cb62acc0ac6,0.00033739447197968784
ck_094974d75e29fb2f,0.00779887724146671
ck_5ef935ac3d4d3332,0.0003429481959748475
ck_b26e4ae47c9107ed,0.9365802604226058
ck_396cea6f95186ad2,0.0004482821333025735
ck_48446a9e8184c7d4,0.0001824253661684933
ck_31e1ede23247d56b,0.006072151782509308
ck_7afefa349b960a3e,0.0006213310071793237
ck_f5e02a3432571b20,0.003788013428846474
ck_64eefec062592c43,0.0010295740048887132
ck_a1201284122c141f,0.0007325565169256223
ck_1b34c420a4c85a95,0.00013768230320709184
ck_d637a011332ba67a,0.00019406764002733587
ck_99c0004d8b7079f8,0.0002711672552976928
ck_948517bad569b40f,0.00038726534833717136
ck_a28d6b1601b472a6,0.00014232062119255798
ck_a0b4209feb31f5c0,0.999905540017975
ck_d6d2c1f6dfc455b6,0.002527904904441857
ck_3f9e6d356d3dd3cf,8.853722232479095e-05
ck_d08e00c842b75176,3.0132966484171827e-05
ck_bfdd232a7c5f2660,0.002269025952062765
ck_2cdad03ed069438c,0.0004996479239731653
ck_42317c3eabd0a285,0.0013788779167269265
ck_3eb73e56751c704d,0.0013431768785139879
ck_ef33c04f4c9e3758,0.0007986425361079765
ck_1dc23dc870f1773d,0.00045015611949964635
ck_76091f357974a152,0.0012574257758569633
ck_4d9eb75e8eee90fd,0.0004157694087078323
ck_578f67e69e5d2cfd,0.0006676559304817931
ck_3a8ce1cc724229b8,7.772773920966324e-05
ck_a96887f841e80fc1,0.0008532136673044789
ck_d2d4a8f4a9f2c33f,0.0026693823312951303
ck_11f85bc705dbe036,0.0007319634814440503
ck_7429b3f87528e335,0.00034190794924277175
ck_26df74feac7ec51d,0.0002936360139843987
ck_c78b2638fadd91ab,0.0010784771022947857
ck_7eaad325abe3b50c,0.001214534910339976
ck_fd44e34af620e606,0.002190351251828924
ck_f99738dff854e25f,0.00015024991413479914
ck_1ffbce3a239bb264,0.003064404248812995
ck_96c7d52ba0a766ef,0.0010033191048402616
ck_cb1c00c300af3f9e,0.0014810878471466222
ck_ec3d12848ced99f2,0.002235262419770178
ck_26cfd7c3c6c7bf69,5.5675544190979224e-05
ck_7ae86b5a885affc3,0.0005117001571362771
ck_3edaa94d28cd48ea,0.00025501001774895
ck_3209c530c9812e39,0.0018586839287777455
ck_ea62ebfc1f04b49a,0.0002786877493141063
ck_5fc90b4668ea81bf,0.0013616944632351873
ck_95654593cdebd141,0.00012472493674404235
ck_958c0bd61820147f,0.0021773994264536367
ck_8440ef1386c07194,9.815669696693847e-05
ck_8cd1b68dd74b1375,0.00852749283195309
ck_c9eb4df91ff07f2c,0.00022970894154496387
ck_c29489366c01fe65,0.9988010555430339
ck_c965fd6bec0f0ecd,0.005933918815976933
ck_84c402b23766e1f2,0.0003484248756938595
ck_181f3dae03b87136,0.000534267110217184
ck_022a8ae79eb28cf6,0.9988988362131666
ck_469c17407d17b706,0.0035893900458810885
ck_1fcc5843f39148a9,0.00013363950989762476
ck_5debd55f361b2ddf,0.00042487807164950757
ck_28cb9b03e89263f1,0.0003006042756180793
ck_f067470743d3c7a2,0.0015929476966918227
ck_d5d225ce41a1a762,0.000485035841597923
ck_15b4840922195ffd,0.007936875044431774
ck_6bcfa37c717f19f1,0.0020050985565247086
ck_8d501a0386c66be8,0.0038610505290674483
ck_1a9d6190c57ea7e2,0.15228230369121626
ck_c49832eabdac5bb7,0.00013510409648814878
ck_b4331140b2e0d4aa,0.001359933015824966
ck_5efbea1befdefe1b,0.017729787330530333
ck_72ff52c4824072ce,0.0004678588697735007
ck_ec3715add8bbb6e9,0.0005211507635664694
ck_9822f8ed05335741,0.011439598138212229
ck_c3d7d3d12a1981a3,0.0010786235476922391
ck_a115a7919ac5875a,0.0015693597632036468
ck_4dd4ed23e0b927b7,0.048222797002492004
ck_4c76efcc1ee6762d,0.000696668650429131
ck_3ad6e7bf452c9b21,0.0003673354974432306
ck_dcbab304b55a42c7,0.009872461383745288
ck_24b53090faf722cf,0.00041539651223539717
ck_187317383400491d,0.0007661567786638037
ck_e07fd57565c94c28,0.0006396250414127184
ck_740e760fdcd27835,0.0010537505734784375
ck_d3796aebda1cfed5,0.8487644874945335
ck_e541967c681cb929,0.0010662997275755356
ck_431118050b834dcb,9.819328364660038e-05
ck_90f3655f0c8a0074,0.0004040441980154576
ck_13cd943777651aac,0.00040337818917323965
ck_66accecabf3901c0,0.0019776098118383313
ck_937f0da2306b2eb9,0.0014268704797103394
ck_105b0c93573fd5b7,0.015880470724490593
ck_00480407160e0743,0.0014037105235972722
ck_e032068be7b77d15,0.001980755125069352
ck_991b7dfd69098320,0.0007016555013699295
ck_37d47cf0f34574a2,0.0005899728324257812
ck_011551a596544f5d,0.0009951853964001716
ck_9acd98f4fe2d474e,0.007011500057384332
ck_7c88d3d377bb61bb,0.0006333577619514391
ck_e2374c7136c964fd,0.0010728259515074452
ck_2fa8f2577116e9ca,0.0008824969346742288
ck_d07c5b0321c685ea,0.029515853095983275
ck_bc736114a31088a7,0.000230335719265674
ck_32bb42f9bff197f8,0.00015879256831440887
ck_66267bbad1f1415f,0.9989558523691573
ck_19988702ccd79201,0.0003239666725751382
ck_f473a03fbcdbc4b0,0.004090288359463939
ck_e3f1d85fa5d49396,0.000404826643932684
ck_c4402ea6291df271,0.00031648272083425273
ck_243bd5ca8c4ae5d0,0.0016604873999190254
ck_f271e855925e8d6b,0.007194126032558627
ck_e424148c6f2223df,0.0043689892171571145
ck_e4d0a9e1102a58b5,0.00021351328322374527
ck_91c2a5fe69b9b1d1,0.014020242593603894
ck_5fd8924732fe403e,0.7265136402898671
ck_9a881d5433126ada,0.0014488845392265771
ck_73cab88b29c7845d,0.0015400943756983827
ck_5b5dea6476d4e182,0.00014904377404735295
ck_ccccb17d2ca6ce94,0.023875643728272958
ck_cd1dc68e441222b1,0.961975239742442
ck_8312c49b1431a406,0.00017189771180371554
ck_25fea39897f2a559,5.453902036889858e-05
ck_f56200205280bddf,0.0013011505516136424
ck_7336611650dcc088,0.0003423557580911796
ck_590716322ff147ae,0.0021999925102131504
ck_c82364d87875a1a1,0.0014697110877611532
ck_fa4b60387d744fc5,0.0016366671267363693
ck_d841eba8906e9a15,3.2319123349341395e-05
ck_d6df562a79b9d0d9,0.00021018009159411822
ck_59a14d2564193101,0.0010377825398026927
ck_8530158e3d7f59e7,1.3809397142991723e-05
ck_ac68d707006c12a8,0.0019816972380555993
ck_976fac1bb3dd8c58,0.0012286675466833953
ck_f854fba8f4adae3d,0.03693147049319473
ck_b98e9c3ec6e7d1e7,0.0003003323875574779
ck_803c0b4cf9d4bc1d,0.0008001378810972116
ck_76997a33c3ea5107,0.00016248167636958704
ck_f1a9d832b700bda1,0.9926990833676573
ck_2bd96ddb8c323d63,0.9992213654943065
ck_9e5b7acf51b1b743,0.0006935736866628274
ck_09169f22194fd6aa,0.0005331807648141765
ck_6d69e092f9b0848b,0.0002480033340839501
ck_9f83fa5a2d3b9049,0.0007036516162823083
ck_57bbb19eecb4b87c,0.0007565156162783993
ck_e0e9cfabb979f428,0.00031221984657313833
ck_b1ff9edc51d42f97,0.00016050153490151594
ck_4682fad271d47eb0,0.9881053008998645
ck_ab33fb754c818ae3,0.0006675695168002178
ck_b456f62b80e21557,5.4201239775103145e-05
ck_16340be3f2a7fffd,0.00024020306185539524
ck_ce66831f6611014c,0.0002798141527374008
ck_4610a073bb54d1b1,0.0007384632067905453
ck_fd038a7d33a9d6e5,0.000889915404496136
ck_c8198cb4c461304f,0.002404528294868278
ck_1e7de58822000dea,0.22257185411321703
ck_b2a79dd3df560f14,0.0002736414400705219
ck_74a06f347b32347f,0.00028526520207470456
ck_c6fdb2972417c9bd,0.0005242106666229751
ck_d7607a213b800bfb,0.0015194471377600546
ck_df65967b8b40319c,0.0003101650843285273
ck_329a73dbd585ee09,0.0007638043897297714
ck_74991a9e85c3b07d,0.0004165372704931497
ck_bb76609b79e0bc9f,0.011359971674549255
ck_f7fc1bd0b9ab1fa4,0.00046184487902989726
ck_d111c98b36bdb791,4.324818026882007e-05
ck_f07e27d125497b66,0.008347608362560228
ck_093e3a7134e11d6b,0.0003770899173258769
ck_862c7953bdea48b0,0.0005110159642615863
ck_392cf2cdd515c34d,0.00018060038365347628
ck_80eb91b0b4001084,0.003107101245084784
ck_5923f53b77193a58,0.022800243446701316
ck_8049f5fce32be185,0.9316688162899858
ck_ebc5a2c6cf88e252,0.0005990948766556717
ck_9ea5872f14cce338,0.0014374007158241928
ck_f7fbc95ebf584379,2.1597222478349193e-05
ck_bafe82c870356706,0.9994324109760159
ck_278b36c5932d9bff,0.0005787824579138439
ck_6a892dd5d05c1649,0.0037852070006819593
ck_0734fd90b2cabd43,0.00408942586212753
ck_9b552204498b6762,0.0006831766088402658
ck_f6c909c205767956,0.0010853651415626145
ck_32f590e87bc3d715,7.439418927172689e-05
ck_66a8325f28be7562,0.00121766347973892
ck_b129261da9c3c3c9,0.000177644958661105
ck_a524071c51ddde20,0.00018727192071047168
ck_ba576d6d4cb6130b,0.048669392952870615
ck_8d8226520722af78,0.0012497667712906173
ck_c5b0f0d4f1655a20,0.00341158164865893
ck_61814ae9b6d8eab1,0.0033307820550700752
ck_382ebf136f7fa337,0.0052168404080883855
ck_423ff4ede6a9f066,0.036601585677838215
ck_546ad962d04b7de4,0.9989634212252693
ck_9473ea4a01c95f9a,0.0007735051925023768
ck_9eb1da8cd35a50ce,0.0001295637155331767
ck_de5eaa2cdbcb67ff,0.007424679588934051
ck_537cc97d0398c922,0.007320466857307947
ck_998475a2e4dfad4e,0.0037190290691313617
ck_e62eb708d2688fae,0.000526764796705697
ck_ea623358f704daa7,0.006121389772286853
ck_b911a09f328dfd4b,0.00036606666037376507
ck_4b3506b624e5193c,0.002365482585532962
ck_448456f96788713b,0.0022254238389194255
ck_5d5ef9e75f65d076,0.0024559526269569082
ck_3b74512f774a6e5a,0.003398572237321113
ck_a032e8ac1507c6df,0.9800077504737589
ck_7e2d6b22a0ae20c2,0.0002889154488295375
ck_d80283209c963f11,0.00024712925809516504
ck_d1157eade2ac3975,0.00024137737858640789
ck_be48f583f79427f7,0.0003600957270573355
ck_0027b5d4107d65d8,0.002066354364319626
ck_94fff69584dd3b2a,0.0011307706274247024
ck_75fcda73f0b43557,0.00037599084341356315
ck_a1c78972e4ee4082,0.0020529418726885715
ck_f0982bbdbd122f91,0.00017919845761420547
ck_3199b471575aeb3a,7.34812939147736e-05
ck_7fa947a0b1c1cf74,0.0020580103082167432
ck_a60c618b7f0e4252,0.0015151119280296095
ck_722ac47c8ac9b6c3,0.461495223194055
ck_d44dc3839a195c8a,0.011460360174647776
ck_a2c3e82fab520483,0.0009020883862284875
ck_6f8ae0319c07cafe,0.0003926085737697157
ck_49886ff1e2c759d6,0.0033072093226707913
ck_150a1108f936e6b0,6.416209339282794e-05
ck_e21f9f96f597695b,0.0002792133143988081
ck_7297bff2b7fdcbc8,5.3912475390163644e-05
ck_ee949c71f4f702eb,0.996497079353863
ck_6fc37dea4b4f35c6,0.0020770591194812214
ck_e76257caa98dc25d,0.9990106871964978
ck_828eef2334e17b3a,0.0002378050359728875
ck_604e1b8a8c693aa7,0.011203687736010513
ck_7743c9fe037d1f9e,0.026472789564529343
ck_864a11202e19e812,0.029532456867714406
ck_4ec040b9e3785e4a,0.003548734943877298
ck_7346e4f820d9c00a,0.9723852581420104
ck_48d4d63beb26b623,0.0010923946085325737
ck_c423aa6de3ed1e01,0.00011501586290646882
ck_d74b2ead8aaa3f73,0.0002880622872848985
ck_1dd69a11daa7bf1a,0.00044310083628870765
ck_d9143e236eef177f,0.012255424459141882
ck_f790d91e5ff0eccd,0.01316889558167587
ck_69b5620e00ef5dec,0.0002448519705227065
ck_cd32e58e8a1c0e85,0.0025260475561028964
ck_064013b0957d87a5,0.9993546630233944
ck_a481385c2e60dc4a,0.001861542712319382
ck_d72035cb29db3aa4,0.0012348495736504302
ck_3759939a0205306d,0.00017178168874565112
ck_f437a53fc832ec95,0.0028826864259051403
ck_260ef2f3e6434819,0.003498739402649913
ck_35e411b05d22f663,0.0003231629693572354
ck_8bf46e472f3e20de,0.01703758032164193
ck_d546994fc5d3e9d1,0.0008408493549528238
ck_6ff0fc7487e737e7,0.02827291938022968
ck_5c67f27816ae0b6f,0.00038049499960295737
ck_c5517923458106ae,0.00023496689291563686
ck_d9735647a6b0b0a7,0.33536764169624333
ck_541a734fc457246f,0.00216290429578004
ck_2f6a639468f41043,0.00012097325294319595
ck_bea2cf7a6b7bb900,0.00014109559894306722
ck_7eebd0e6ad6c070e,0.003425925986385687
ck_b64c87d5e3b10e6a,0.9939951020370381
ck_9dd7daacb7833233,0.00017896136135011432
ck_396e9ea9a6c6d7d9,0.04777537441405362
ck_1645e6cc53fa99ff,0.000659056765991953
ck_ea2a83ccb8d57490,0.0007517661361453361
ck_e64f0df63e1be595,0.00707769339455889
ck_fa0b234481cb57d3,0.0008758955471927952
ck_63379e3c9fe6f711,0.0008894517818082359
ck_c67f7944896a0310,0.0028236758592133974
ck_c10e54c9db29e6ef,0.9993138269716318
ck_7184ad7709ae4c80,0.000494110991681336
ck_f8b6069d7577fde6,0.00593816197198833
ck_18444be153bac1ca,0.9673233267783313
ck_d0982b4e0e118e4d,0.20306941205484802
ck_6faf3e6820398866,0.0004665606034649666
ck_97e980463aca4644,0.00040796502452174736
ck_630c835243c66b19,0.9984864168725618
ck_fe429ba3e1aa0e4f,0.00014561519714198607
ck_1058129ed7b48c59,0.0002826935724882753
ck_04a1a46f07885296,0.001051882202591913
ck_f01e94331067edf6,0.0001760403026006713
ck_77b2fb17c29f5e72,0.0002760028549126218
ck_4f0c5857da45fb28,0.0016713418749971381
ck_2cfb9a7775e8a5bc,0.9893223444398898
ck_6846100e43659bf3,0.0031681224991286726
ck_f89719a854fe11d7,0.00033637669241871
ck_bf47375e41ca3bc0,0.00018095827452527068
ck_2770b0400a7bef08,0.002860577185076177
ck_2a09d142de1c77ff,0.0011531589217165365
ck_857a1f5547b9ad68,0.000659487993514445
ck_185f15b1523bbcf4,0.00012400357462186525
ck_ab2aed614ec1cdf8,0.0005087075587440627
ck_a9e7f3b2d5dfd97b,0.0003047152733688018
ck_0eeb3d9b3e697edb,0.00080051217651781
ck_fa5830d81bc8ddc1,0.0008687012672150907
ck_231ae0329ebc3220,0.002274744514066985
ck_1587763dd54688c9,0.027857819922593806
ck_9f85fea4490c00cf,0.0009687109585542131
ck_a2d709e7eb91e4af,0.0006975090231883801
ck_43637d28c7216453,0.0006355273687478572
ck_f3ab5dd853d38252,0.0010126039808439318
ck_4a1f0172d3bf4fd3,0.0023762887516397746
ck_517620ca16505af0,0.00013292370835032847
ck_9ae904fbef56065c,0.0015783373579782683
ck_d5ef1f6e34bb35b8,0.0009727335732077848
ck_ff42557857ae3aeb,9.073858986375479e-05
ck_ad9a18f58589faa7,0.0020392436640827086
ck_df1a6edaa3e6b271,0.0001561785729529483
ck_99021fe7225b5a68,0.0005448930821010064
ck_99e52c3c2530b69e,0.9992242730728584
ck_3a4811dc4a1a891d,0.0015534804831109233
ck_ba3a6be026c87079,0.0003368758428185537
ck_da6d1e5cf6aba6fd,0.00024657359304446633
ck_ddc7c1f3d45fe6e6,0.0005457697564182245
ck_e1b1e7a7e4a15b3e,0.0030357784920553702
ck_8288f7f226e08b89,0.00035002375373534696
ck_c4524993ec31dbe5,0.0004394005767263262
ck_8b19bb5b23b6741c,0.0001471282159485633
ck_d21b38231a8a9f4a,0.003152982988292154
ck_3f730318a9792292,0.00019016533657465915
ck_a4db6e94a8f77f9d,0.01091658010425205
ck_a8cac8d480306839,0.00010649403212825443
ck_5472214011fbc2a7,0.00010284064325160846
ck_7356f47dbbbe7904,0.0026869990146687417
ck_16801e628e883d78,0.000227747882060293
ck_0dc1e536231c4860,0.0002841545636776774
ck_7cd0634a6e60af83,0.00022019892031577246
ck_ef6f8e048ae1bd4b,0.0002835745004277769
ck_82f3f744209888ac,0.001237203737735987
ck_f33188c232a03526,0.043854604795810416
ck_4a59f4e10bf45d7f,0.0001527881980667376
ck_d96c893721385e4e,0.0002673910766994646
ck_f65ab819373edb37,0.0019905747928923084
ck_21cac21fc10b7768,0.00012727487049732153
ck_139b54e6ccbdd7da,0.009626454448587916
ck_d6f5c8741697abb3,0.00028079767740970396
ck_a28d9bb5590d458f,0.02114860444314657
ck_ed26d906883bea0a,0.004356826317530427
ck_227602ad072b838b,0.00016957953983131287
ck_39d5f6c17c745ab1,0.0002420980175545128
ck_744eade757ba69b5,0.0010112389079626645
ck_c1295d97cdf35ec2,0.00017585907688766057
ck_69105f881da3c821,0.00019879886783978696
ck_933789b55361d7c1,0.9056648836463633
ck_b667952253503174,0.0034367208596627306
ck_7bf668e25abeeb05,0.0001323413664339499
ck_91742711dfdffd56,0.0007366365583134577
ck_af32a0660090dd68,0.0016164214396922154
ck_2122f201e65f76ee,0.00014785380601856822
ck_f48acb73a5d6af07,0.0017360595148338098
ck_337c5684510cf432,0.005084410044266179
ck_f7bde7265053364d,0.0002719279796628994
ck_c190c7b924edba75,0.001843600455320099
ck_044fa3b3a003f0b5,0.0011510446089025915
ck_87eb43e3b9d96169,0.01055631196433528
ck_2d3d6c9364362017,5.73031293709882e-05
ck_ac55dc6cbcdf8228,0.00013994307116416992
ck_61d7b0568ec5d6cf,0.0038204000791226696
ck_89c74feeaffa7d09,0.0006152345095067795
ck_93776b0c113f41f0,0.006110775357901788
ck_15e0b679931f7a8d,8.43380409642718e-05
ck_77b56c49cfdb1d81,0.0076127244311278725
ck_73188a826b5f499f,0.00017120347567636994
ck_4f463ef25325ddfa,0.2412294728709523
ck_863db2e394dc47d1,0.9913346177625663
ck_d52432ed597f3cc9,0.0003170716426561074
ck_04fb61e5739642f8,0.009888497078508121
ck_2e481d75d110c06d,0.004358563464160669
ck_3fa1a523d77cd619,0.00029789511966124766
ck_466dc6274fecd708,0.000281197559728365
ck_e1790b3aa2241b10,0.9689204677082989
ck_84ad096a46e1a960,0.0016102113833290435
ck_3be72c9c178fa00d,0.0017696857878756606
ck_5a17c89219d1d9fe,0.0008783427500648361
ck_4f639f4ee6ce8d9e,0.002192361782251793
ck_f4ec4a935e51b4db,0.0006832107679201931
ck_f04040a830f92bac,0.003448022018374222
ck_3e4d02a04be2aaf8,0.003127777830570571
ck_4d1baef193cfb900,0.0008908534914102815
ck_0fb3153d37626b75,0.00016917992558960966
ck_88ec57a11b11f702,0.9853067912291138
ck_dca9dc465f759db4,0.0006538378195249816
ck_64f5fba6af67e024,0.0014343582057138248
ck_896096cb167254ef,0.00444063293692195
ck_7878679065876b98,0.0002936852380741952
ck_fe8e5a6c880ceb4e,6.884964840441229e-05
ck_a5e036327d3d1862,8.243248186667365e-05
ck_310f73940fc4cf4f,0.0019269002138307654
ck_46a8db16ad00b749,0.0008361267895160335
ck_0d33977c3de8cfaf,0.9998136874086635
ck_c6fff412f531db0f,0.00012372158597607103
ck_bac6dadf428eaea9,0.00043973754334003697
ck_1b96d9af0d7da2d5,8.925000749695857e-05
ck_fa8a4a9e77799fcc,0.0004616595769771006
ck_0bf48607a874b4d1,0.000811029307287443
ck_eeb75f8a6439f65e,0.003137122721057649
ck_a209a5f7d172125e,0.00048594863431755057
ck_8f346b72fb40bf14,0.0001357953583636611
ck_bccbf9fef367f00f,0.00034719857621995636
ck_2d1548f1ee405cc9,0.034213153467716105
ck_e8298ff2dc1e9d50,8.075076526259813e-05
ck_77c0fb524edb4a94,0.0019467407061133902
ck_28ac4c5134cb8e77,0.0007300178317472328
ck_db23a0e3e54be60c,0.5146974516708714
ck_a059d00cee5cee99,0.0009703495125444967
ck_3e9e3bba8bd363af,0.0007159576703385193
ck_0428728df24cdab4,0.0001574561029058345
ck_88cd35378075c84f,9.878306424364826e-05
ck_0174d76398d9dc0f,0.058935877938512495
ck_3f1287e6c27de0dc,0.0006290068928209575
ck_ff822700f3605e06,0.9994079980426654
ck_4563227b2038ae07,0.005938750554641846
ck_788e78065526ee19,0.0007730345765216602
ck_8a16eb584093b12f,0.0005090385443867624
ck_cc276f71ab6c08fd,0.002026466446526239
ck_d61d97b21002f3e9,0.00032829368410641654
ck_4b2e87d86a5e415c,0.0010721402962112045
ck_3e6f35e4500d2f2a,0.0001176917977006704
ck_3acdb083e0d8ad61,0.000150599162730711
ck_cd655202db489010,0.0002587159522249497
ck_829cbf5ccda481ae,0.00011829399528229029
ck_f5882e6f98b8b4cd,0.0001395365845943264
ck_767947540b234add,0.0002375639609272535
ck_a6e8e8f535b1f1d1,0.0018406914421710545
ck_58412a2674fea506,0.0005472772711621677
ck_fae7e518a585fa61,0.0026253672090464537
ck_9c60ae6958d68dbd,0.011212512736386912
ck_328696b8f5e54ec6,0.005658197533432147
ck_7df3f8f4f1068d62,0.0009029573205739324
ck_cfadd21458230ef7,0.00010090176970047292
ck_7048bedd554c703b,0.00019827658887707072
ck_50422466f145bfd7,0.00020660301012247534
ck_61e1f7168cd9ff25,0.002314262562013461
ck_733aff0f56f5b3c9,0.0026546969129301237
ck_e14892e424180549,0.0002787635019565433
ck_03f6664a96de7d0f,0.00029819721195373114
ck_b7f4baa2cc82fe61,0.00015854648988876857
ck_1e51199a075ca0fa,8.384276870712585e-05
ck_0e70516fa07cfb17,0.9661115957653095
ck_0f37c554a5057801,0.407889266570802
ck_5576b725de38d106,9.887306452377367e-05
ck_82f360df1e9f4eb8,0.0012522563825365777
ck_395f3bd4aacd7ca6,0.0008627620663319187
ck_5e8e857b63966609,0.05991087559006786
ck_93470896f0804b6b,0.9793919525553445
ck_3be854e42e76569a,0.0007974527717300899
ck_0567302c57a2417e,0.00900462951463383
ck_ee535461b5f05539,0.709099139293439
ck_94a096c36162a153,0.0003157783957328633
ck_dfc8f5c141fd7c63,0.0008172221116154729
ck_98b34f2d704c1c2a,0.0014090886892562486
ck_96dff7a09d45f116,0.0011249825805689357
ck_79557434c129ba52,0.00036850125665573386
ck_4596624a7c01d501,0.00012756694680676555
ck_04e89fbd739243fa,6.436642370741125e-05
ck_6149ffaf18872dc8,0.00018707400261920506
ck_cd78f0832a09bd8f,0.02487953485230367
ck_7e29c10d781c3b41,9.094130643278694e-05
ck_1f7ee7b23fc6f2f4,0.0024101212195216837
ck_c49b685d2b3ab89a,3.861825715372297e-05
ck_84569a8fc50e73ac,0.00047087946084391436
ck_b92b11d205af91eb,0.00016208978314070433
ck_06280e6d6d2485b0,0.00026962883348302885
ck_3c08546dd0c92863,0.00034622927978927295
ck_99d3983f907828bf,0.0025012583796019386
ck_eccfd552aa652d3c,0.0003147093555371157
ck_0cff8153881875ba,0.0029424347681703427
ck_c1aebbeca6ab5ff9,0.00020157642867972407
ck_538fdbbb3c2bcbbb,0.007457068830639559
ck_8c0210322733c718,0.00011790385015335791
ck_0b0c93039f987abc,0.00032040041239901444
ck_6d07d6d1bd227d37,0.010533551674674953
ck_9b6ee35e8cd0b11c,0.0003548967197699477
ck_d838491d3d4f5ecf,0.00036328429487776415
ck_0593ae243a9ebee9,0.00038308565865932963
ck_ef261fc09be8eb0b,0.0005372313660982691
ck_d0935b571a4a3868,0.0010366217973810546
ck_97d04a67a104af39,0.002648554912580867
ck_e25f70d0b7229420,0.0008710908308263276
ck_9b71274ff83de482,0.9640967217981405
ck_6de2aa2bb60978d3,0.0033690810289275673
ck_eda55c8fb47593d7,0.0007034153238692318
ck_924e572517515f19,0.06478061671823566
ck_d6f27eacbad310f4,8.70023138209797e-05
ck_8550f229b5eb03ab,4.2832107876145705e-05
ck_e3e95546a84d0ed8,0.0005757205948419012
ck_3135c019696ee6af,0.9926187034161421
ck_41ba315d8fccb559,0.00014715387461524887
ck_72b86e4485da2d0f,0.998109219142648
ck_daaa995f3c2f0e47,0.0002447670565921782
ck_053746067839696b,0.00010303955278105959
ck_a15fe7d0f4b65c33,0.9111599790797097
ck_15de11438732bb05,2.9449838065628988e-05
ck_2c4d25acbe3fabd9,0.0005187906590351254
ck_7f08078908599bd2,0.0076394234600049155
ck_e794741742fb2619,0.00010326080677769138
ck_238e53b6dee8c301,0.0013589391898763887
ck_53a6a33060d5c8b8,0.0004267636406346401
ck_0e0919292ad33472,0.9825278094280941
ck_d86ccf148c06c8c8,0.0009676462857245079
ck_c881f26c9bf9ae42,0.09829411658936403
ck_4b0947bf94e9d847,0.001308564681499455
ck_e10ff5c38bd18470,0.0002654087273499375
ck_b60de9e97aad9e45,0.9974629440672181
ck_190bc849e5ff5401,0.002263583210132385
ck_e7be077aa0b2632c,0.001159873368972985
ck_a51abde881ebeff3,0.00030138848265575763
ck_2208392a9f6bd249,0.0003502444869356233
ck_0259da8f109017e9,0.0007587377940966955
ck_05e01ab9c95449da,0.0008233917059639886
ck_c82897ebffb6ae66,0.00025051826860148895
ck_b4a6bb4689cd7cfa,0.0015737320331993816
ck_9e21ea33018ce538,0.0003175354462722116
ck_caa348f0e65db062,0.9927938165201381
ck_a964e6b5d8415334,0.09996883246121643
ck_510bfbbee37ff436,0.0027062774154371612
ck_9741a82faf5c7889,0.026424104196058777
ck_e7f61b4a39ba98ac,0.0009317835500995098
ck_069d158665a53909,0.0029064136241577633
ck_6426427efe3228af,0.005422752195411332
ck_ab4a8d02ec3c0fd7,0.00014149389060466992
ck_aefa0d8d933e0eca,0.001867570641646827
ck_232325ef6bce92f1,0.00015753622746003025
ck_14e58c3fb26a2b4d,0.011255334756897445
ck_06e73afdec26aecc,0.00901628793181441
ck_3168f4f2778d64e1,0.000282128759881129
ck_ff3998d6858daa21,0.0011149787087279257
ck_bccff46fb0868454,0.01856964373724843
ck_c7d444d90fa86d7c,0.15095435386104827
ck_f0bc3bdee6bfbb94,0.00024659107684414893
ck_f7112818a6d81422,0.007182816775878259
ck_aca35dbcb835ad02,0.00022682569193967724
ck_f637fabf0f60528f,0.0006747634052735253
ck_53d17ab97de1ac3e,0.0032763972404844114
ck_c8c1bf16d9113493,0.0006900185411545821
ck_e842fb0cf055a83b,0.0072846764854232774
ck_93c0cb3dac4891fe,0.00014133362655097877
ck_0c1f088e17e46daf,0.0003813382434119107
ck_8f4b384955bf57c9,0.000284102127126344
ck_09cd5c4df1e81ac2,0.058792415973188204
ck_1e832a5b2342554f,0.0009998748811581794
ck_2cb763a881aee27f,9.58984879829465e-05
ck_5875828b11406398,0.00025932297712521677
ck_48e84b0cb0b90fa7,0.0003426199120107663
ck_833688de8629c5c0,0.00032618403321828525
ck_117d78ccd5820f36,0.0005330131333677432
ck_668ec61c4c39cae3,0.0001537870504331917
ck_73a7794b659d7a34,0.00016581610304375574
ck_10f90d879209734f,0.0002999016951613879
ck_d1d079913aa158bf,0.0003415145400033433
ck_01c631b38e8a9535,0.0008154256451130701
ck_f6923088c17a04e2,0.021734426296946604
ck_b447badc9138987d,0.00042524206902630826
ck_8b772caed8f1541c,6.951329869886891e-05
ck_5403c76fe68a08ba,0.37696140017336977
ck_3e6833574edf1736,0.8320106203289293
ck_e527fbb9450a4581,0.9852822803942619
ck_cc90e219f1ebf390,4.696525113335423e-05
